-- phpMyAdmin SQL Dump
-- version 5.2.0
-- https://www.phpmyadmin.net/
--
-- Host: 127.0.0.1
-- Generation Time: Feb 22, 2023 at 02:29 PM
-- Server version: 10.4.27-MariaDB
-- PHP Version: 8.2.0

SET SQL_MODE = "NO_AUTO_VALUE_ON_ZERO";
START TRANSACTION;
SET time_zone = "+00:00";


/*!40101 SET @OLD_CHARACTER_SET_CLIENT=@@CHARACTER_SET_CLIENT */;
/*!40101 SET @OLD_CHARACTER_SET_RESULTS=@@CHARACTER_SET_RESULTS */;
/*!40101 SET @OLD_COLLATION_CONNECTION=@@COLLATION_CONNECTION */;
/*!40101 SET NAMES utf8mb4 */;

--
-- Database: `haris`
--

-- --------------------------------------------------------

--
-- Table structure for table `ambils`
--

CREATE TABLE `ambils` (
  `id` bigint(20) UNSIGNED NOT NULL,
  `user_id` bigint(20) UNSIGNED NOT NULL,
  `matkul_id` bigint(20) UNSIGNED NOT NULL,
  `kelas_id` bigint(20) UNSIGNED NOT NULL,
  `created_at` timestamp NULL DEFAULT NULL,
  `updated_at` timestamp NULL DEFAULT NULL
) ENGINE=InnoDB DEFAULT CHARSET=utf8mb4 COLLATE=utf8mb4_unicode_ci;

--
-- Dumping data for table `ambils`
--

INSERT INTO `ambils` (`id`, `user_id`, `matkul_id`, `kelas_id`, `created_at`, `updated_at`) VALUES
(1, 2, 1, 1, '2023-01-19 10:12:38', '2023-01-19 10:12:38'),
(2, 3, 1, 1, '2023-01-19 10:29:16', '2023-01-19 10:29:16'),
(3, 4, 3, 1, '2023-01-19 10:39:35', '2023-01-19 10:39:35'),
(4, 5, 1, 1, '2023-01-19 10:46:47', '2023-01-19 10:46:47'),
(5, 6, 1, 3, '2023-01-19 10:52:21', '2023-01-19 10:52:21'),
(6, 8, 1, 1, '2023-01-23 20:43:27', '2023-01-23 20:43:27'),
(7, 9, 1, 1, '2023-01-24 00:00:51', '2023-01-24 00:00:51'),
(8, 10, 1, 1, '2023-01-24 00:01:00', '2023-01-24 00:01:00'),
(9, 11, 1, 1, '2023-01-24 00:01:07', '2023-01-24 00:01:07'),
(10, 12, 1, 1, '2023-01-24 00:01:17', '2023-01-24 00:01:17'),
(11, 13, 1, 1, '2023-01-24 00:01:25', '2023-01-24 00:01:25'),
(12, 14, 1, 1, '2023-01-24 00:01:54', '2023-01-24 00:01:54'),
(13, 15, 1, 1, '2023-01-24 00:02:02', '2023-01-24 00:02:02'),
(14, 16, 1, 1, '2023-01-24 00:02:11', '2023-01-24 00:02:11'),
(15, 17, 1, 1, '2023-01-24 00:02:18', '2023-01-24 00:02:18'),
(16, 18, 1, 1, '2023-01-24 00:02:27', '2023-01-24 00:02:27'),
(17, 19, 1, 1, '2023-01-24 00:02:34', '2023-01-24 00:02:34'),
(18, 20, 1, 1, '2023-01-24 00:02:42', '2023-01-24 00:02:42'),
(19, 21, 1, 1, '2023-01-24 00:02:52', '2023-01-24 00:02:52'),
(20, 22, 1, 1, '2023-01-24 00:03:07', '2023-01-24 00:03:07'),
(21, 23, 1, 1, '2023-01-24 00:03:15', '2023-01-24 00:03:15'),
(22, 24, 1, 1, '2023-01-24 00:03:22', '2023-01-24 00:03:22'),
(23, 25, 1, 1, '2023-01-24 00:03:29', '2023-01-24 00:03:29'),
(24, 26, 1, 1, '2023-01-24 00:03:37', '2023-01-24 00:03:37'),
(25, 27, 1, 1, '2023-01-24 00:03:45', '2023-01-24 00:03:45'),
(26, 28, 1, 1, '2023-01-24 00:03:54', '2023-01-24 00:03:54'),
(27, 29, 1, 1, '2023-01-24 00:04:02', '2023-01-24 00:04:02'),
(28, 31, 1, 1, '2023-01-24 00:04:09', '2023-01-24 00:04:09'),
(29, 32, 1, 1, '2023-01-24 00:04:16', '2023-01-24 00:04:16'),
(30, 28, 1, 1, '2023-01-24 00:05:13', '2023-01-24 00:05:13'),
(31, 29, 1, 1, '2023-01-24 00:05:21', '2023-01-24 00:05:21'),
(32, 31, 1, 1, '2023-01-24 00:05:29', '2023-01-24 00:05:29'),
(34, 33, 1, 1, '2023-01-24 00:06:16', '2023-01-24 00:06:16'),
(35, 34, 1, 1, '2023-01-24 00:06:23', '2023-01-24 00:06:23'),
(36, 55, 1, 1, '2023-01-24 00:07:17', '2023-01-24 00:07:17'),
(37, 35, 1, 1, '2023-01-24 00:07:25', '2023-01-24 00:07:25'),
(38, 36, 1, 1, '2023-01-24 00:07:32', '2023-01-24 00:07:32'),
(39, 37, 1, 1, '2023-01-24 00:07:39', '2023-01-24 00:07:39'),
(40, 38, 1, 1, '2023-01-24 00:07:46', '2023-01-24 00:07:46'),
(41, 39, 1, 1, '2023-01-24 00:07:53', '2023-01-24 00:07:53'),
(42, 40, 1, 1, '2023-01-24 00:08:01', '2023-01-24 00:08:01'),
(43, 41, 1, 1, '2023-01-24 00:08:08', '2023-01-24 00:08:08'),
(44, 42, 1, 1, '2023-01-24 00:08:56', '2023-01-24 00:08:56'),
(45, 43, 1, 1, '2023-01-24 00:09:04', '2023-01-24 00:09:04'),
(46, 44, 1, 1, '2023-01-24 00:09:10', '2023-01-24 00:09:10'),
(47, 45, 1, 1, '2023-01-24 00:09:17', '2023-01-24 00:09:17'),
(48, 46, 1, 1, '2023-01-24 00:09:24', '2023-01-24 00:09:24'),
(49, 47, 1, 1, '2023-01-24 00:09:30', '2023-01-24 00:09:30'),
(50, 48, 1, 1, '2023-01-24 00:09:38', '2023-01-24 00:09:38'),
(51, 49, 1, 1, '2023-01-24 00:09:46', '2023-01-24 00:09:46'),
(52, 50, 1, 1, '2023-01-24 00:09:53', '2023-01-24 00:09:53'),
(53, 51, 1, 1, '2023-01-24 00:10:01', '2023-01-24 00:10:01'),
(54, 52, 1, 1, '2023-01-24 01:02:26', '2023-01-24 01:02:26'),
(55, 57, 1, 1, '2023-01-24 01:02:33', '2023-01-24 01:02:33'),
(56, 58, 1, 1, '2023-01-24 01:02:40', '2023-01-24 01:02:40'),
(57, 59, 1, 1, '2023-01-24 01:02:47', '2023-01-24 01:02:47'),
(58, 60, 1, 1, '2023-01-24 01:02:54', '2023-01-24 01:02:54'),
(59, 61, 1, 1, '2023-01-24 01:03:00', '2023-01-24 01:03:00'),
(60, 62, 1, 1, '2023-01-24 01:03:06', '2023-01-24 01:03:06'),
(61, 63, 1, 1, '2023-01-24 01:03:13', '2023-01-24 01:03:13'),
(62, 64, 1, 1, '2023-01-24 01:03:19', '2023-01-24 01:03:19'),
(63, 65, 1, 1, '2023-01-24 01:03:26', '2023-01-24 01:03:26'),
(64, 66, 1, 1, '2023-01-24 01:03:32', '2023-01-24 01:03:32'),
(65, 67, 1, 1, '2023-01-24 01:03:38', '2023-01-24 01:03:38'),
(66, 68, 1, 1, '2023-01-24 01:03:45', '2023-01-24 01:03:45'),
(67, 69, 1, 1, '2023-01-24 01:03:51', '2023-01-24 01:03:51'),
(68, 70, 1, 1, '2023-01-24 01:03:58', '2023-01-24 01:03:58'),
(69, 71, 1, 1, '2023-01-24 01:04:04', '2023-01-24 01:04:04'),
(70, 72, 1, 1, '2023-01-24 01:04:11', '2023-01-24 01:04:11'),
(71, 73, 1, 1, '2023-01-24 01:04:18', '2023-01-24 01:04:18'),
(72, 74, 1, 1, '2023-01-24 01:04:24', '2023-01-24 01:04:24'),
(73, 75, 1, 1, '2023-01-24 01:04:31', '2023-01-24 01:04:31'),
(74, 76, 1, 1, '2023-01-24 01:04:36', '2023-01-24 01:04:36'),
(75, 77, 1, 1, '2023-01-24 01:04:43', '2023-01-24 01:04:43'),
(76, 78, 1, 1, '2023-01-24 01:04:51', '2023-01-24 01:04:51'),
(77, 79, 1, 1, '2023-01-24 01:04:57', '2023-01-24 01:04:57'),
(78, 80, 1, 1, '2023-01-24 01:05:04', '2023-01-24 01:05:04'),
(79, 81, 1, 1, '2023-01-24 01:05:10', '2023-01-24 01:05:10'),
(80, 82, 1, 1, '2023-01-24 01:05:15', '2023-01-24 01:05:15'),
(81, 83, 1, 1, '2023-01-24 01:05:21', '2023-01-24 01:05:21'),
(82, 84, 1, 1, '2023-01-24 01:05:28', '2023-01-24 01:05:28'),
(83, 85, 1, 1, '2023-01-24 01:05:34', '2023-01-24 01:05:34'),
(84, 86, 1, 1, '2023-01-24 01:05:40', '2023-01-24 01:05:40'),
(85, 87, 1, 1, '2023-01-24 01:05:46', '2023-01-24 01:05:46'),
(86, 89, 1, 1, '2023-01-24 01:05:53', '2023-01-24 01:05:53'),
(87, 90, 1, 1, '2023-01-24 01:05:59', '2023-01-24 01:05:59'),
(88, 91, 1, 1, '2023-01-24 01:06:14', '2023-01-24 01:06:14'),
(89, 92, 1, 1, '2023-01-24 01:07:14', '2023-01-24 01:07:14'),
(90, 93, 1, 1, '2023-01-24 01:07:21', '2023-01-24 01:07:21'),
(91, 94, 1, 1, '2023-01-24 01:07:28', '2023-01-24 01:07:28'),
(92, 95, 1, 1, '2023-01-24 01:07:34', '2023-01-24 01:07:34'),
(93, 96, 1, 1, '2023-01-24 01:07:40', '2023-01-24 01:07:40'),
(94, 97, 1, 1, '2023-01-24 01:07:50', '2023-01-24 01:07:50'),
(95, 98, 1, 1, '2023-01-24 01:08:39', '2023-01-24 01:08:39'),
(96, 99, 1, 1, '2023-01-24 01:08:45', '2023-01-24 01:08:45'),
(97, 100, 1, 1, '2023-01-24 01:08:52', '2023-01-24 01:08:52'),
(98, 101, 1, 1, '2023-01-24 01:08:59', '2023-01-24 01:08:59'),
(99, 102, 1, 1, '2023-01-24 01:09:44', '2023-01-24 01:09:44'),
(100, 103, 1, 1, '2023-01-24 01:09:50', '2023-01-24 01:09:50'),
(101, 105, 1, 1, '2023-01-24 01:09:56', '2023-01-24 01:09:56'),
(102, 106, 1, 1, '2023-01-24 01:10:03', '2023-01-24 01:10:03'),
(103, 107, 1, 1, '2023-01-24 01:10:10', '2023-01-24 01:10:10'),
(104, 108, 1, 1, '2023-02-02 19:28:37', '2023-02-02 19:28:37'),
(105, 108, 2, 2, '2023-02-02 19:28:37', '2023-02-02 19:28:37'),
(106, 109, 1, 1, '2023-02-05 07:08:39', '2023-02-05 07:08:39'),
(107, 110, 1, 1, '2023-02-22 06:05:20', '2023-02-22 06:05:20'),
(108, 112, 1, 1, '2023-02-22 06:08:09', '2023-02-22 06:08:09');

-- --------------------------------------------------------

--
-- Table structure for table `csvimports`
--

CREATE TABLE `csvimports` (
  `id` bigint(20) UNSIGNED NOT NULL,
  `nama` varchar(255) NOT NULL,
  `k_satu` varchar(11) NOT NULL,
  `k_dua` varchar(11) NOT NULL,
  `k_tiga` varchar(11) NOT NULL,
  `k_empat` varchar(11) NOT NULL,
  `k_lima` varchar(11) NOT NULL,
  `k_enam` varchar(11) NOT NULL,
  `k_tuju` varchar(11) NOT NULL,
  `k_delapan` varchar(11) NOT NULL,
  `k_sembilan` varchar(11) NOT NULL,
  `k_sepuluh` varchar(11) NOT NULL,
  `k_sebelas` varchar(11) NOT NULL,
  `k_duabelas` varchar(11) NOT NULL,
  `k_tigabelas` varchar(11) NOT NULL,
  `k_empatbelas` varchar(11) NOT NULL,
  `keterangan` varchar(20) NOT NULL,
  `created_at` timestamp NULL DEFAULT NULL,
  `updated_at` timestamp NULL DEFAULT NULL
) ENGINE=InnoDB DEFAULT CHARSET=utf8mb4 COLLATE=utf8mb4_unicode_ci;

--
-- Dumping data for table `csvimports`
--

INSERT INTO `csvimports` (`id`, `nama`, `k_satu`, `k_dua`, `k_tiga`, `k_empat`, `k_lima`, `k_enam`, `k_tuju`, `k_delapan`, `k_sembilan`, `k_sepuluh`, `k_sebelas`, `k_duabelas`, `k_tigabelas`, `k_empatbelas`, `keterangan`, `created_at`, `updated_at`) VALUES
(6, 'Dosen1', '0.2', '0.2', '0.2', '0.2', '0.2', '0.2', '0.2', '0.2', '0.2', '1', '0.6', '0.2', '0.2', '0.2', 'Sangat Baik', '2023-01-30 21:34:44', '2023-01-30 21:34:44'),
(7, 'Dosen2', '0.2', '0.2', '0.2', '0.2', '0.19', '0.2', '0.2', '0.2', '0.2', '1', '0.6', '0.2', '0.2', '0.2', 'Sangat Baik', '2023-01-30 21:34:44', '2023-01-30 21:34:44'),
(8, 'Dosen3', '0.2', '0.2', '0.2', '0.2', '0.2', '0.2', '0.2', '0.2', '0.2', '1', '0.3', '0.2', '0.2', '0.2', 'Sangat Baik', '2023-01-30 21:34:44', '2023-01-30 21:34:44'),
(9, 'Dosen4', '0.2', '0.18', '0.1', '0.2', '0.2', '0', '0.05', '0.2', '0.2', '0.5', '0.6', '0.2', '0.2', '0.2', 'Baik', '2023-01-30 21:34:44', '2023-01-30 21:34:44'),
(10, 'Dosen5', '0.2', '0.1785', '0.2', '0.2', '0.2', '0', '0.05', '0.2', '0.2', '0', '0', '0.2', '0.2', '0.2', 'Cukup', '2023-01-30 21:34:44', '2023-01-30 21:34:44'),
(11, 'Dosen6', '0.2', '0', '0', '0.2', '0', '0', '0', '0.2', '0.2', '0', '0', '0.2', '0.2', '0.2', 'kurang', '2023-01-30 21:34:44', '2023-01-30 21:34:44'),
(12, 'Dosen7', '0', '0', '0', '0', '0', '0', '0', '0', '0', '0', '0', '0', '0', '0', 'Sangat Kurang', '2023-01-30 21:34:44', '2023-01-30 21:34:44');

-- --------------------------------------------------------

--
-- Table structure for table `csvimpotmodels`
--

CREATE TABLE `csvimpotmodels` (
  `id` bigint(20) UNSIGNED NOT NULL,
  `created_at` timestamp NULL DEFAULT NULL,
  `updated_at` timestamp NULL DEFAULT NULL
) ENGINE=InnoDB DEFAULT CHARSET=utf8mb4 COLLATE=utf8mb4_unicode_ci;

-- --------------------------------------------------------

--
-- Table structure for table `failed_jobs`
--

CREATE TABLE `failed_jobs` (
  `id` bigint(20) UNSIGNED NOT NULL,
  `uuid` varchar(255) NOT NULL,
  `connection` text NOT NULL,
  `queue` text NOT NULL,
  `payload` longtext NOT NULL,
  `exception` longtext NOT NULL,
  `failed_at` timestamp NOT NULL DEFAULT current_timestamp()
) ENGINE=InnoDB DEFAULT CHARSET=utf8mb4 COLLATE=utf8mb4_unicode_ci;

-- --------------------------------------------------------

--
-- Table structure for table `k1_s`
--

CREATE TABLE `k1_s` (
  `id` bigint(20) UNSIGNED NOT NULL,
  `user_id` bigint(20) UNSIGNED NOT NULL,
  `total_1` varchar(255) DEFAULT NULL,
  `total_2` varchar(255) DEFAULT NULL,
  `total_hadir` varchar(255) DEFAULT NULL,
  `nakhir` varchar(10) DEFAULT NULL,
  `n1` varchar(255) DEFAULT NULL,
  `created_at` timestamp NULL DEFAULT NULL,
  `updated_at` timestamp NULL DEFAULT NULL
) ENGINE=InnoDB DEFAULT CHARSET=utf8mb4 COLLATE=utf8mb4_unicode_ci;

--
-- Dumping data for table `k1_s`
--

INSERT INTO `k1_s` (`id`, `user_id`, `total_1`, `total_2`, `total_hadir`, `nakhir`, `n1`, `created_at`, `updated_at`) VALUES
(1, 2, '14', '14', '100', '4', '0.20', '2023-01-19 10:16:24', '2023-01-19 10:22:03'),
(2, 3, '14', '14', '100', '4', '0.20', '2023-01-19 10:32:24', '2023-01-19 10:37:33'),
(3, 4, '14', '14', '100', '4', '0.20', '2023-01-19 10:41:29', '2023-01-19 10:42:32'),
(4, 5, '14', '14', '100', '4', '0.20', '2023-01-19 10:48:22', '2023-01-19 10:51:12'),
(5, 6, '14', '14', '100', '4', '0.20', '2023-01-19 10:54:04', '2023-01-19 10:57:56'),
(6, 8, NULL, NULL, NULL, NULL, '0.2', '2023-01-24 05:47:10', '2023-01-24 05:47:10'),
(7, 9, NULL, NULL, NULL, NULL, '0.2', '2023-01-24 05:54:25', '2023-01-24 05:54:25'),
(8, 10, NULL, NULL, NULL, NULL, '0.2', '2023-01-24 06:01:04', '2023-01-24 06:01:04'),
(9, 11, NULL, NULL, NULL, NULL, '0.2', '2023-01-24 06:03:57', '2023-01-24 06:03:57'),
(10, 12, NULL, NULL, NULL, NULL, '0.2', '2023-01-24 06:07:00', '2023-01-24 06:07:00'),
(11, 13, NULL, NULL, NULL, NULL, '0.2', '2023-01-24 06:17:08', '2023-01-24 06:20:39'),
(12, 14, NULL, NULL, NULL, NULL, '0.2', '2023-01-24 06:26:43', '2023-01-24 06:30:55'),
(13, 15, NULL, NULL, NULL, NULL, '0.2', '2023-01-24 06:33:41', '2023-01-24 06:33:41'),
(14, 16, NULL, NULL, NULL, NULL, '0.2', '2023-01-24 06:36:38', '2023-02-22 06:03:47'),
(15, 17, NULL, NULL, NULL, NULL, '0.2', '2023-01-24 06:40:21', '2023-01-24 06:41:36'),
(16, 18, NULL, NULL, NULL, NULL, '0.2', '2023-01-24 06:43:11', '2023-01-24 06:44:05'),
(17, 19, NULL, NULL, NULL, NULL, '0.2', '2023-01-24 06:46:15', '2023-01-24 06:48:42'),
(18, 20, NULL, NULL, NULL, NULL, '0.2', '2023-01-24 06:51:52', '2023-01-25 01:20:13'),
(19, 21, NULL, NULL, NULL, NULL, '0.2', '2023-01-24 06:54:17', '2023-01-24 06:54:17'),
(20, 22, NULL, NULL, NULL, NULL, '0.2', '2023-01-25 00:23:15', '2023-01-25 01:22:24'),
(21, 23, NULL, NULL, NULL, NULL, '0.2', '2023-01-25 00:25:55', '2023-01-25 00:27:00'),
(22, 24, NULL, NULL, NULL, NULL, '0.2', '2023-01-25 00:30:20', '2023-01-25 00:35:12'),
(23, 25, NULL, NULL, NULL, NULL, '0.2', '2023-01-25 00:42:31', '2023-01-25 00:42:31'),
(24, 26, NULL, NULL, NULL, NULL, '0.2', '2023-01-25 00:48:40', '2023-01-25 00:48:40'),
(25, 27, NULL, NULL, NULL, NULL, '0.2', '2023-01-25 00:58:51', '2023-01-25 00:58:51'),
(26, 28, NULL, NULL, NULL, NULL, '0.2', '2023-01-25 01:02:40', '2023-01-25 01:24:41'),
(27, 29, NULL, NULL, NULL, NULL, '0.2', '2023-01-25 01:07:21', '2023-01-25 01:27:10'),
(28, 31, NULL, NULL, NULL, NULL, '0.2', '2023-01-25 01:10:36', '2023-01-25 01:28:47'),
(29, 32, NULL, NULL, NULL, NULL, '0.2', '2023-01-25 01:13:48', '2023-01-25 01:18:08'),
(30, 33, '0', '0', '0', '0', '0.00', '2023-01-30 13:19:26', '2023-02-01 00:40:54'),
(31, 34, NULL, NULL, NULL, NULL, '0.2', '2023-01-30 21:21:55', '2023-01-30 21:21:55'),
(32, 108, '14', '14', '100', '4', '0.20', '2023-02-02 19:32:57', '2023-02-02 19:32:57'),
(33, 112, '14', '14', '100', '4', '0.20', '2023-02-22 06:05:39', '2023-02-22 06:11:52');

-- --------------------------------------------------------

--
-- Table structure for table `k2_s`
--

CREATE TABLE `k2_s` (
  `id` bigint(20) UNSIGNED NOT NULL,
  `user_id` bigint(20) UNSIGNED NOT NULL,
  `ambil_id` bigint(20) UNSIGNED DEFAULT NULL,
  `penyerahan` date DEFAULT NULL,
  `tgl_serah` date DEFAULT NULL,
  `terlambat` varchar(255) DEFAULT NULL,
  `total_serah` varchar(255) DEFAULT NULL,
  `nakhir` varchar(10) DEFAULT NULL,
  `n2` varchar(255) DEFAULT NULL,
  `created_at` timestamp NULL DEFAULT NULL,
  `updated_at` timestamp NULL DEFAULT NULL
) ENGINE=InnoDB DEFAULT CHARSET=utf8mb4 COLLATE=utf8mb4_unicode_ci;

--
-- Dumping data for table `k2_s`
--

INSERT INTO `k2_s` (`id`, `user_id`, `ambil_id`, `penyerahan`, `tgl_serah`, `terlambat`, `total_serah`, `nakhir`, `n2`, `created_at`, `updated_at`) VALUES
(1, 2, 1, '2023-01-20', '2023-01-12', '8', NULL, '4', '0.2', '2023-01-19 10:17:11', '2023-01-19 10:27:56'),
(2, 3, 2, '2023-01-20', '2023-01-11', '9', NULL, '4', '0.2', '2023-01-19 10:37:05', '2023-01-19 10:37:05'),
(3, 4, 3, '2023-01-20', '2023-01-05', '15', NULL, '4', '0.19375', '2023-01-19 10:44:11', '2023-01-19 10:44:11'),
(4, 5, 4, '2023-01-20', '2023-01-17', '3', NULL, '4', '0.2', '2023-01-19 10:49:33', '2023-01-19 10:49:33'),
(5, 6, 5, '2023-01-20', '2023-01-10', '10', NULL, '4', '0.2', '2023-01-19 10:54:55', '2023-01-19 10:56:48'),
(6, 8, 6, NULL, NULL, NULL, NULL, NULL, '0.185', '2023-01-24 05:49:40', '2023-01-24 05:49:57'),
(7, 9, 7, NULL, NULL, NULL, NULL, NULL, '0.19', '2023-01-24 05:57:58', '2023-01-24 05:58:06'),
(8, 10, 8, NULL, NULL, NULL, NULL, NULL, '0.1875', '2023-01-24 06:01:56', '2023-01-24 06:02:18'),
(9, 11, 9, NULL, NULL, NULL, NULL, NULL, '0.2', '2023-01-24 06:04:56', '2023-01-24 06:05:03'),
(10, 12, 10, NULL, NULL, NULL, NULL, NULL, '0.1445', '2023-01-24 06:07:55', '2023-01-24 06:08:02'),
(11, 13, 11, NULL, NULL, NULL, NULL, NULL, '0.18125', '2023-01-24 06:20:07', '2023-01-24 06:20:25'),
(12, 14, 12, NULL, NULL, NULL, NULL, NULL, '0.2', '2023-01-24 06:27:36', '2023-01-24 06:27:43'),
(13, 15, 13, NULL, NULL, NULL, NULL, NULL, '0.193', '2023-01-24 06:34:34', '2023-01-24 06:34:42'),
(14, 16, 14, NULL, NULL, NULL, NULL, NULL, '0.1835', '2023-01-24 06:37:27', '2023-01-24 06:37:35'),
(15, 17, 15, NULL, NULL, NULL, NULL, NULL, '0.1608', '2023-01-24 06:41:11', '2023-01-24 06:41:11'),
(16, 18, 16, NULL, NULL, NULL, NULL, NULL, '0.2', '2023-01-24 06:43:59', '2023-01-24 06:43:59'),
(17, 19, 17, NULL, NULL, NULL, NULL, NULL, '0.16875', '2023-01-24 06:48:36', '2023-01-24 06:48:36'),
(18, 20, 18, NULL, NULL, NULL, NULL, NULL, '0.175', '2023-01-24 06:49:56', '2023-01-25 01:20:25'),
(19, 21, 19, NULL, NULL, NULL, NULL, NULL, '0.1925', '2023-01-24 06:53:02', '2023-01-24 06:53:02'),
(20, 22, 20, NULL, NULL, NULL, NULL, NULL, '0.16875', '2023-01-25 00:24:13', '2023-01-25 01:22:20'),
(21, 23, 21, NULL, NULL, NULL, NULL, NULL, '0.114', '2023-01-25 00:26:44', '2023-01-25 00:26:53'),
(22, 24, 22, NULL, NULL, NULL, NULL, NULL, '0.193', '2023-01-25 00:32:43', '2023-01-25 00:32:43'),
(23, 25, 23, NULL, NULL, NULL, NULL, NULL, '0.1285', '2023-01-25 00:43:23', '2023-01-25 00:43:23'),
(24, 26, 24, NULL, NULL, NULL, NULL, NULL, '0.2', '2023-01-25 00:49:29', '2023-01-25 00:50:33'),
(25, 27, 25, NULL, NULL, NULL, NULL, NULL, '0.175', '2023-01-25 00:59:42', '2023-01-25 00:59:49'),
(26, 28, 30, NULL, NULL, NULL, NULL, NULL, '0.2', '2023-01-25 01:04:45', '2023-01-25 01:23:14'),
(27, 29, 31, NULL, NULL, NULL, NULL, NULL, '0.2', '2023-01-25 01:08:32', '2023-01-25 01:08:45'),
(28, 31, 32, NULL, NULL, NULL, NULL, NULL, '0.09375', '2023-01-25 01:11:41', '2023-01-25 01:11:41'),
(29, 32, 29, NULL, NULL, NULL, NULL, NULL, '0.2', '2023-01-25 01:15:12', '2023-01-25 01:15:21'),
(30, 32, 33, NULL, NULL, NULL, NULL, NULL, '0.2', '2023-01-25 01:17:54', '2023-01-25 01:18:02'),
(31, 28, 26, NULL, NULL, NULL, NULL, NULL, '0.2', '2023-01-25 01:24:31', '2023-01-25 01:24:31'),
(32, 29, 27, NULL, NULL, NULL, NULL, NULL, '0.2', '2023-01-25 01:26:55', '2023-01-25 01:26:55'),
(33, 31, 28, NULL, NULL, NULL, NULL, NULL, '0.09375', '2023-01-25 01:28:36', '2023-01-25 01:28:36'),
(34, 33, 34, NULL, NULL, 'NaN', NULL, '0', '0', '2023-01-30 13:19:36', '2023-02-01 00:41:58'),
(35, 34, 35, NULL, NULL, NULL, NULL, NULL, '0', '2023-01-30 21:23:39', '2023-01-30 21:23:39'),
(36, 108, 104, '2023-02-10', '2023-02-01', '9', NULL, '4', '0.2', '2023-02-02 19:34:20', '2023-02-02 19:34:20'),
(37, 108, 105, '2023-02-10', '2023-02-01', '9', NULL, '4', '0.2', '2023-02-02 19:35:00', '2023-02-02 19:35:00'),
(38, 112, 108, '2023-02-22', '2023-02-21', '1', NULL, '4', '0.2', '2023-02-22 06:11:31', '2023-02-22 06:21:51');

-- --------------------------------------------------------

--
-- Table structure for table `k3_s`
--

CREATE TABLE `k3_s` (
  `id` bigint(20) UNSIGNED NOT NULL,
  `user_id` bigint(20) UNSIGNED NOT NULL,
  `ambil_id` bigint(20) UNSIGNED DEFAULT NULL,
  `tanggal_pertama` date DEFAULT NULL,
  `tanggal_kedua` date DEFAULT NULL,
  `waktu_upload` time DEFAULT NULL,
  `total_ketepatan` varchar(255) DEFAULT NULL,
  `nakhir` varchar(10) DEFAULT NULL,
  `n3` varchar(255) DEFAULT NULL,
  `created_at` timestamp NULL DEFAULT NULL,
  `updated_at` timestamp NULL DEFAULT NULL
) ENGINE=InnoDB DEFAULT CHARSET=utf8mb4 COLLATE=utf8mb4_unicode_ci;

--
-- Dumping data for table `k3_s`
--

INSERT INTO `k3_s` (`id`, `user_id`, `ambil_id`, `tanggal_pertama`, `tanggal_kedua`, `waktu_upload`, `total_ketepatan`, `nakhir`, `n3`, `created_at`, `updated_at`) VALUES
(1, 2, 1, '2023-01-20', '2023-01-19', '10:00:00', '1', '4', '0.2', '2023-01-19 10:17:11', '2023-01-19 10:27:56'),
(2, 3, 2, '2023-01-20', '2023-01-11', '10:00:00', '9', '4', '0.2', '2023-01-19 10:37:05', '2023-01-19 10:37:05'),
(3, 4, 3, '2023-01-20', '2023-01-10', '10:00:00', '10', '4', '0.2', '2023-01-19 10:44:11', '2023-01-19 10:44:11'),
(4, 5, 4, '2023-01-20', '2023-01-04', '19:00:00', '16', '4', '0.2', '2023-01-19 10:49:33', '2023-01-19 10:49:33'),
(5, 6, 5, '2023-01-20', '2023-01-11', '00:54:00', '9', '4', '0.2', '2023-01-19 10:54:55', '2023-01-19 10:56:48'),
(6, 8, 6, NULL, NULL, NULL, NULL, NULL, '0.1', '2023-01-24 05:49:40', '2023-01-24 05:49:57'),
(7, 9, 7, NULL, NULL, NULL, NULL, NULL, '0.155', '2023-01-24 05:57:58', '2023-01-24 05:58:06'),
(8, 10, 8, NULL, NULL, NULL, NULL, NULL, '0.2', '2023-01-24 06:01:56', '2023-01-24 06:02:18'),
(9, 11, 9, NULL, NULL, NULL, NULL, NULL, '0.175', '2023-01-24 06:04:56', '2023-01-24 06:05:04'),
(10, 12, 10, NULL, NULL, NULL, NULL, NULL, '0.2', '2023-01-24 06:07:55', '2023-01-24 06:08:02'),
(11, 13, 11, NULL, NULL, NULL, NULL, NULL, '0.1', '2023-01-24 06:20:07', '2023-01-24 06:20:25'),
(12, 14, 12, NULL, NULL, NULL, NULL, NULL, '0.2', '2023-01-24 06:27:36', '2023-01-24 06:27:43'),
(13, 15, 13, NULL, NULL, NULL, NULL, NULL, '0.2', '2023-01-24 06:34:34', '2023-01-24 06:34:42'),
(14, 16, 14, NULL, NULL, NULL, NULL, NULL, '0.175', '2023-01-24 06:37:27', '2023-01-24 06:37:35'),
(15, 17, 15, NULL, NULL, NULL, NULL, NULL, '0.2', '2023-01-24 06:41:12', '2023-01-24 06:41:12'),
(16, 18, 16, NULL, NULL, NULL, NULL, NULL, '0.125', '2023-01-24 06:43:59', '2023-01-24 06:43:59'),
(17, 19, 17, NULL, NULL, NULL, NULL, NULL, '0.2', '2023-01-24 06:48:36', '2023-01-24 06:48:36'),
(18, 20, 18, NULL, NULL, NULL, NULL, NULL, '0.175', '2023-01-24 06:49:56', '2023-01-25 01:20:25'),
(19, 21, 19, NULL, NULL, NULL, NULL, NULL, '0.175', '2023-01-24 06:53:02', '2023-01-24 06:53:02'),
(20, 22, 20, NULL, NULL, NULL, NULL, NULL, '0.125', '2023-01-25 00:24:13', '2023-01-25 01:22:20'),
(21, 23, 21, NULL, NULL, NULL, NULL, NULL, '0.175', '2023-01-25 00:26:44', '2023-01-25 00:26:53'),
(22, 24, 22, NULL, NULL, NULL, NULL, NULL, '0.2', '2023-01-25 00:32:43', '2023-01-25 00:32:43'),
(23, 25, 23, NULL, NULL, NULL, NULL, NULL, '0.15', '2023-01-25 00:43:23', '2023-01-25 00:43:23'),
(24, 26, 24, NULL, NULL, NULL, NULL, NULL, '0.1', '2023-01-25 00:49:29', '2023-01-25 00:50:33'),
(25, 27, 25, NULL, NULL, NULL, NULL, NULL, '0.1', '2023-01-25 00:59:42', '2023-01-25 00:59:49'),
(26, 28, 30, NULL, NULL, NULL, NULL, NULL, '0.125', '2023-01-25 01:04:45', '2023-01-25 01:23:14'),
(27, 29, 31, NULL, NULL, NULL, NULL, NULL, '0.2', '2023-01-25 01:08:32', '2023-01-25 01:08:45'),
(28, 31, 32, NULL, NULL, NULL, NULL, NULL, '0.175', '2023-01-25 01:11:41', '2023-01-25 01:11:41'),
(29, 32, 29, NULL, NULL, NULL, NULL, NULL, '0.1', '2023-01-25 01:15:12', '2023-01-25 01:15:21'),
(30, 32, 33, NULL, NULL, NULL, NULL, NULL, '0.1', '2023-01-25 01:17:54', '2023-01-25 01:18:02'),
(31, 28, 26, NULL, NULL, NULL, NULL, NULL, '0.125', '2023-01-25 01:24:31', '2023-01-25 01:24:31'),
(32, 29, 27, NULL, NULL, NULL, NULL, NULL, '0.2', '2023-01-25 01:26:55', '2023-01-25 01:26:55'),
(33, 31, 28, NULL, NULL, NULL, NULL, NULL, '0.175', '2023-01-25 01:28:36', '2023-01-25 01:28:36'),
(34, 33, 34, NULL, NULL, NULL, 'NaN', '0', '0', '2023-01-30 13:19:36', '2023-02-01 00:41:58'),
(35, 34, 35, NULL, NULL, NULL, NULL, NULL, '0', '2023-01-30 21:23:39', '2023-01-30 21:23:39'),
(36, 108, 104, '2023-02-10', '2023-02-02', NULL, '8', '4', '0.2', '2023-02-02 19:34:20', '2023-02-02 19:34:20'),
(37, 108, 105, '2023-02-10', '2023-02-01', '09:00:00', '9', '4', '0.2', '2023-02-02 19:35:00', '2023-02-02 19:35:00'),
(38, 112, 108, NULL, NULL, NULL, NULL, NULL, NULL, '2023-02-22 06:11:31', '2023-02-22 06:21:51');

-- --------------------------------------------------------

--
-- Table structure for table `k4_s`
--

CREATE TABLE `k4_s` (
  `id` bigint(20) UNSIGNED NOT NULL,
  `user_id` bigint(20) UNSIGNED NOT NULL,
  `ambil_id` bigint(20) UNSIGNED DEFAULT NULL,
  `total_ajar` varchar(255) DEFAULT NULL,
  `nakhir` varchar(10) NOT NULL,
  `n4` varchar(255) DEFAULT NULL,
  `created_at` timestamp NULL DEFAULT NULL,
  `updated_at` timestamp NULL DEFAULT NULL
) ENGINE=InnoDB DEFAULT CHARSET=utf8mb4 COLLATE=utf8mb4_unicode_ci;

--
-- Dumping data for table `k4_s`
--

INSERT INTO `k4_s` (`id`, `user_id`, `ambil_id`, `total_ajar`, `nakhir`, `n4`, `created_at`, `updated_at`) VALUES
(1, 2, 1, 'Selesai', '4', '0.2', '2023-01-19 10:17:11', '2023-01-19 10:27:56'),
(2, 3, 2, 'Selesai', '4', '0.2', '2023-01-19 10:37:05', '2023-01-19 10:37:05'),
(3, 4, 3, 'Selesai', '4', '0.2', '2023-01-19 10:44:11', '2023-01-19 10:44:11'),
(4, 5, 4, 'Selesai', '4', '0.2', '2023-01-19 10:49:33', '2023-01-19 10:49:33'),
(5, 6, 5, 'Selesai', '4', '0.2', '2023-01-19 10:54:55', '2023-01-19 10:56:48'),
(6, 8, 6, NULL, '4', '0.2', '2023-01-24 05:49:57', '2023-01-24 05:49:57'),
(7, 9, 7, NULL, '4', '0.2', '2023-01-24 05:58:06', '2023-01-24 05:58:06'),
(8, 10, 8, NULL, '4', '0.2', '2023-01-24 06:02:06', '2023-01-24 06:02:18'),
(9, 11, 9, NULL, '4', '0.2', '2023-01-24 06:05:04', '2023-01-24 06:05:04'),
(10, 12, 10, NULL, '4', '0.2', '2023-01-24 06:08:02', '2023-01-24 06:08:02'),
(11, 13, 11, NULL, '4', '0.2', '2023-01-24 06:20:15', '2023-01-24 06:20:25'),
(12, 14, 12, NULL, '4', '0.2', '2023-01-24 06:27:43', '2023-01-24 06:27:43'),
(13, 15, 13, NULL, '4', '0.2', '2023-01-24 06:34:42', '2023-01-24 06:34:42'),
(14, 16, 14, NULL, '4', '0.2', '2023-01-24 06:37:35', '2023-01-24 06:37:35'),
(15, 17, 15, NULL, '4', '0.2', '2023-01-24 06:41:12', '2023-01-24 06:41:12'),
(16, 18, 16, NULL, '4', '0.2', '2023-01-24 06:43:59', '2023-01-24 06:43:59'),
(17, 19, 17, NULL, '4', '0.2', '2023-01-24 06:48:36', '2023-01-24 06:48:36'),
(18, 20, 18, NULL, '4', '0.2', '2023-01-24 06:49:56', '2023-01-25 01:20:25'),
(19, 21, 19, NULL, '4', '0.2', '2023-01-24 06:53:02', '2023-01-24 06:53:02'),
(20, 22, 20, NULL, '4', '0.2', '2023-01-25 00:24:22', '2023-01-25 01:22:20'),
(21, 23, 21, NULL, '4', '0.2', '2023-01-25 00:26:53', '2023-01-25 00:26:53'),
(22, 24, 22, NULL, '4', '0.2', '2023-01-25 00:32:43', '2023-01-25 00:32:43'),
(23, 25, 23, NULL, '4', '0.2', '2023-01-25 00:43:23', '2023-01-25 00:43:23'),
(24, 26, 24, NULL, '0', '0.2', '2023-01-25 00:49:38', '2023-01-25 00:50:33'),
(25, 27, 25, NULL, '4', '0.2', '2023-01-25 00:59:49', '2023-01-25 00:59:49'),
(26, 28, 30, NULL, '4', '0.2', '2023-01-25 01:04:45', '2023-01-25 01:23:14'),
(27, 29, 31, NULL, '4', '0.2', '2023-01-25 01:08:45', '2023-01-25 01:08:45'),
(28, 31, 32, NULL, '4', '0.2', '2023-01-25 01:11:41', '2023-01-25 01:11:41'),
(29, 32, 29, NULL, '4', '0.2', '2023-01-25 01:15:21', '2023-01-25 01:15:21'),
(30, 32, 33, NULL, '4', '0.2', '2023-01-25 01:18:02', '2023-01-25 01:18:02'),
(31, 28, 26, NULL, '4', '0.2', '2023-01-25 01:24:31', '2023-01-25 01:24:31'),
(32, 29, 27, NULL, '4', '0.2', '2023-01-25 01:26:55', '2023-01-25 01:26:55'),
(33, 31, 28, NULL, '4', '0.2', '2023-01-25 01:28:36', '2023-01-25 01:28:36'),
(34, 33, 34, NULL, '0', '0', '2023-01-30 13:19:48', '2023-02-01 00:41:58'),
(35, 34, 35, NULL, '4', '0.2', '2023-01-30 21:23:39', '2023-01-30 21:23:39'),
(36, 108, 104, 'Selesai', '4', '0.2', '2023-02-02 19:34:20', '2023-02-02 19:34:20'),
(37, 108, 105, 'Selesai', '4', '0.2', '2023-02-02 19:35:00', '2023-02-02 19:35:00'),
(38, 112, 108, 'Selesai', '4', '0.2', '2023-02-22 06:11:46', '2023-02-22 06:21:51');

-- --------------------------------------------------------

--
-- Table structure for table `k5_s`
--

CREATE TABLE `k5_s` (
  `id` bigint(20) UNSIGNED NOT NULL,
  `user_id` bigint(20) UNSIGNED NOT NULL,
  `ambil_id` bigint(20) UNSIGNED DEFAULT NULL,
  `total_kuis` varchar(255) DEFAULT NULL,
  `total_rata` varchar(255) DEFAULT NULL,
  `nakhir` varchar(10) DEFAULT NULL,
  `n5` varchar(255) DEFAULT NULL,
  `created_at` timestamp NULL DEFAULT NULL,
  `updated_at` timestamp NULL DEFAULT NULL
) ENGINE=InnoDB DEFAULT CHARSET=utf8mb4 COLLATE=utf8mb4_unicode_ci;

--
-- Dumping data for table `k5_s`
--

INSERT INTO `k5_s` (`id`, `user_id`, `ambil_id`, `total_kuis`, `total_rata`, `nakhir`, `n5`, `created_at`, `updated_at`) VALUES
(1, 2, 1, '100', '1', '4', '0.2', '2023-01-19 10:17:11', '2023-01-19 10:27:56'),
(2, 3, 2, '100', '1', '4', '0.2', '2023-01-19 10:37:05', '2023-01-19 10:37:05'),
(3, 4, 3, '100', '1', '4', '0.2', '2023-01-19 10:44:11', '2023-01-19 10:44:11'),
(4, 5, 4, '100', '1', '4', '0.2', '2023-01-19 10:49:33', '2023-01-19 10:49:33'),
(5, 6, 5, '100', '1', '4', '0.2', '2023-01-19 10:54:55', '2023-01-19 10:56:48'),
(6, 8, 6, NULL, NULL, NULL, '0.2', '2023-01-24 05:49:57', '2023-01-24 05:49:57'),
(7, 9, 7, NULL, NULL, NULL, '0.17', '2023-01-24 05:58:06', '2023-01-24 05:58:06'),
(8, 10, 8, NULL, NULL, NULL, '0.175', '2023-01-24 06:02:06', '2023-01-24 06:02:18'),
(9, 11, 9, NULL, NULL, NULL, '0.175', '2023-01-24 06:05:04', '2023-01-24 06:05:04'),
(10, 12, 10, NULL, NULL, NULL, '0.15', '2023-01-24 06:08:02', '2023-01-24 06:08:02'),
(11, 13, 11, NULL, NULL, NULL, '0.1625', '2023-01-24 06:20:15', '2023-01-24 06:20:25'),
(12, 14, 12, NULL, NULL, NULL, '0.1665', '2023-01-24 06:27:43', '2023-01-24 06:27:43'),
(13, 15, 13, NULL, NULL, NULL, '0.2', '2023-01-24 06:34:42', '2023-01-24 06:34:42'),
(14, 16, 14, NULL, NULL, NULL, '0.18', '2023-01-24 06:37:35', '2023-01-24 06:37:35'),
(15, 17, 15, NULL, NULL, NULL, '0.168', '2023-01-24 06:41:12', '2023-01-24 06:41:12'),
(16, 18, 16, NULL, NULL, NULL, '0.2', '2023-01-24 06:43:59', '2023-01-24 06:43:59'),
(17, 19, 17, NULL, NULL, NULL, '0.19', '2023-01-24 06:48:36', '2023-01-24 06:48:36'),
(18, 20, 18, NULL, NULL, NULL, '0.1445', '2023-01-24 06:49:56', '2023-01-25 01:20:25'),
(19, 21, 19, NULL, NULL, NULL, '0.16', '2023-01-24 06:53:02', '2023-01-24 06:53:02'),
(20, 22, 20, NULL, NULL, NULL, '0.18125', '2023-01-25 00:24:22', '2023-01-25 01:22:20'),
(21, 23, 21, NULL, NULL, NULL, '0.185', '2023-01-25 00:26:53', '2023-01-25 00:26:53'),
(22, 24, 22, NULL, NULL, NULL, '0.1785', '2023-01-25 00:32:43', '2023-01-25 00:32:43'),
(23, 25, 23, NULL, NULL, NULL, '0.175', '2023-01-25 00:43:23', '2023-01-25 00:43:23'),
(24, 26, 24, NULL, NULL, NULL, '0.15', '2023-01-25 00:49:38', '2023-01-25 00:50:33'),
(25, 27, 25, NULL, NULL, NULL, '0.175', '2023-01-25 00:59:49', '2023-01-25 00:59:49'),
(26, 28, 30, NULL, NULL, NULL, '0.175', '2023-01-25 01:04:45', '2023-01-25 01:23:15'),
(27, 29, 31, NULL, NULL, NULL, '0.2', '2023-01-25 01:08:45', '2023-01-25 01:08:45'),
(28, 31, 32, NULL, NULL, NULL, '0.1665', '2023-01-25 01:11:41', '2023-01-25 01:11:41'),
(29, 32, 29, NULL, NULL, NULL, '0.1625', '2023-01-25 01:15:21', '2023-01-25 01:15:21'),
(30, 32, 33, NULL, NULL, NULL, '0.1625', '2023-01-25 01:18:02', '2023-01-25 01:18:02'),
(31, 28, 26, NULL, NULL, NULL, '0.175', '2023-01-25 01:24:31', '2023-01-25 01:24:31'),
(32, 29, 27, NULL, NULL, NULL, '0.2', '2023-01-25 01:26:55', '2023-01-25 01:26:55'),
(33, 31, 28, NULL, NULL, NULL, '0.1625', '2023-01-25 01:28:36', '2023-01-25 01:28:36'),
(34, 33, 34, '100', '10', '0', '0', '2023-01-30 13:19:48', '2023-02-01 00:41:58'),
(35, 34, 35, NULL, NULL, NULL, '0', '2023-01-30 21:23:39', '2023-01-30 21:23:39'),
(36, 108, 104, '400', '4', '4', '0.2', '2023-02-02 19:34:20', '2023-02-02 19:34:20'),
(37, 108, 105, '400', '4', '4', '0.2', '2023-02-02 19:35:00', '2023-02-02 19:35:00'),
(38, 112, 108, NULL, NULL, NULL, NULL, '2023-02-22 06:11:46', '2023-02-22 06:21:52');

-- --------------------------------------------------------

--
-- Table structure for table `k6_s`
--

CREATE TABLE `k6_s` (
  `id` bigint(20) UNSIGNED NOT NULL,
  `user_id` bigint(20) UNSIGNED NOT NULL,
  `ambil_id` bigint(20) UNSIGNED DEFAULT NULL,
  `total_rencana` varchar(255) DEFAULT NULL,
  `nakhir` varchar(10) DEFAULT NULL,
  `n6` varchar(255) DEFAULT NULL,
  `created_at` timestamp NULL DEFAULT NULL,
  `updated_at` timestamp NULL DEFAULT NULL
) ENGINE=InnoDB DEFAULT CHARSET=utf8mb4 COLLATE=utf8mb4_unicode_ci;

--
-- Dumping data for table `k6_s`
--

INSERT INTO `k6_s` (`id`, `user_id`, `ambil_id`, `total_rencana`, `nakhir`, `n6`, `created_at`, `updated_at`) VALUES
(1, 2, 1, 'Selesai', '4', '0.2', '2023-01-19 10:17:11', '2023-01-19 10:27:56'),
(2, 3, 2, 'Selesai', '4', '0.2', '2023-01-19 10:37:05', '2023-01-19 10:37:05'),
(3, 4, 3, 'Selesai', '4', '0.2', '2023-01-19 10:44:11', '2023-01-19 10:44:11'),
(4, 5, 4, 'Selesai', '4', '0.2', '2023-01-19 10:49:33', '2023-01-19 10:49:33'),
(5, 6, 5, 'Selesai', '4', '0.2', '2023-01-19 10:54:56', '2023-01-19 10:56:48'),
(6, 8, 6, NULL, NULL, '0.2', '2023-01-24 05:49:57', '2023-01-24 05:49:57'),
(7, 9, 7, NULL, NULL, '0.2', '2023-01-24 05:58:06', '2023-01-24 05:58:06'),
(8, 10, 8, NULL, NULL, '0.2', '2023-01-24 06:02:06', '2023-01-24 06:02:18'),
(9, 11, 9, NULL, NULL, '0.2', '2023-01-24 06:05:04', '2023-01-24 06:05:04'),
(10, 12, 10, NULL, NULL, '0.2', '2023-01-24 06:08:02', '2023-01-24 06:08:02'),
(11, 13, 11, NULL, NULL, '0.2', '2023-01-24 06:20:15', '2023-01-24 06:20:25'),
(12, 14, 12, NULL, NULL, '0.2', '2023-01-24 06:27:43', '2023-01-24 06:27:43'),
(13, 15, 13, NULL, NULL, '0', '2023-01-24 06:34:42', '2023-01-24 06:34:42'),
(14, 16, 14, NULL, NULL, '0.2', '2023-01-24 06:37:35', '2023-01-24 06:37:35'),
(15, 17, 15, NULL, NULL, '0.2', '2023-01-24 06:41:12', '2023-01-24 06:41:12'),
(16, 18, 16, NULL, NULL, '0.2', '2023-01-24 06:43:59', '2023-01-24 06:43:59'),
(17, 19, 17, NULL, NULL, '0', '2023-01-24 06:48:36', '2023-01-24 06:48:36'),
(18, 20, 18, NULL, NULL, '0.2', '2023-01-24 06:49:56', '2023-01-25 01:20:25'),
(19, 21, 19, NULL, NULL, '0.2', '2023-01-24 06:53:02', '2023-01-24 06:53:02'),
(20, 22, 20, NULL, NULL, '0.2', '2023-01-25 00:24:23', '2023-01-25 01:22:20'),
(21, 23, 21, NULL, NULL, '0.2', '2023-01-25 00:26:53', '2023-01-25 00:26:53'),
(22, 24, 22, NULL, NULL, '0', '2023-01-25 00:32:43', '2023-01-25 00:32:43'),
(23, 25, 23, NULL, NULL, '0.2', '2023-01-25 00:43:23', '2023-01-25 00:43:23'),
(24, 26, 24, NULL, NULL, '0.2', '2023-01-25 00:49:38', '2023-01-25 00:50:33'),
(25, 27, 25, NULL, NULL, '0.2', '2023-01-25 00:59:50', '2023-01-25 00:59:50'),
(26, 28, 30, NULL, NULL, '0.2', '2023-01-25 01:04:45', '2023-01-25 01:23:15'),
(27, 29, 31, NULL, NULL, '0.2', '2023-01-25 01:08:45', '2023-01-25 01:08:45'),
(28, 31, 32, NULL, NULL, '0.2', '2023-01-25 01:11:41', '2023-01-25 01:11:41'),
(29, 32, 29, NULL, NULL, '0.2', '2023-01-25 01:15:21', '2023-01-25 01:15:21'),
(30, 32, 33, NULL, NULL, '0.2', '2023-01-25 01:18:02', '2023-01-25 01:18:02'),
(31, 28, 26, NULL, NULL, '0.2', '2023-01-25 01:24:31', '2023-01-25 01:24:31'),
(32, 29, 27, NULL, NULL, '0.2', '2023-01-25 01:26:55', '2023-01-25 01:26:55'),
(33, 31, 28, NULL, NULL, '0.2', '2023-01-25 01:28:36', '2023-01-25 01:28:36'),
(34, 33, 34, 'Tidak Selesai', '0', '0', '2023-01-30 13:19:48', '2023-02-01 00:41:58'),
(35, 34, 35, NULL, NULL, '0', '2023-01-30 21:23:39', '2023-01-30 21:23:39'),
(36, 108, 104, 'Selesai', '4', '0.2', '2023-02-02 19:34:20', '2023-02-02 19:34:20'),
(37, 108, 105, 'Selesai', '4', '0.2', '2023-02-02 19:35:00', '2023-02-02 19:35:00'),
(38, 112, 108, NULL, NULL, NULL, '2023-02-22 06:11:46', '2023-02-22 06:21:52');

-- --------------------------------------------------------

--
-- Table structure for table `k7_s`
--

CREATE TABLE `k7_s` (
  `id` bigint(20) UNSIGNED NOT NULL,
  `user_id` bigint(20) UNSIGNED NOT NULL,
  `jumlah_mhs` int(11) DEFAULT NULL,
  `jumlah_mhs_lulus` int(11) DEFAULT NULL,
  `total_presentase` varchar(255) DEFAULT NULL,
  `nakhir` varchar(10) DEFAULT NULL,
  `n7` varchar(255) DEFAULT NULL,
  `created_at` timestamp NULL DEFAULT NULL,
  `updated_at` timestamp NULL DEFAULT NULL
) ENGINE=InnoDB DEFAULT CHARSET=utf8mb4 COLLATE=utf8mb4_unicode_ci;

--
-- Dumping data for table `k7_s`
--

INSERT INTO `k7_s` (`id`, `user_id`, `jumlah_mhs`, `jumlah_mhs_lulus`, `total_presentase`, `nakhir`, `n7`, `created_at`, `updated_at`) VALUES
(1, 2, 10, 10, '100', '4', '0.20', '2023-01-19 10:16:24', '2023-01-19 10:22:03'),
(2, 3, 10, 10, '100', '4', '0.20', '2023-01-19 10:32:24', '2023-01-19 10:37:33'),
(3, 4, 10, 10, '100', '4', '0.20', '2023-01-19 10:41:30', '2023-01-19 10:42:32'),
(4, 5, NULL, NULL, '100', '4', '0.20', '2023-01-19 10:48:22', '2023-01-19 10:51:12'),
(5, 6, NULL, NULL, '100', '4', '0.20', '2023-01-19 10:54:04', '2023-01-19 10:57:56'),
(6, 8, NULL, NULL, NULL, NULL, '0.2', '2023-01-24 05:47:10', '2023-01-24 05:47:10'),
(7, 9, NULL, NULL, NULL, NULL, '0.15', '2023-01-24 05:54:25', '2023-01-24 05:54:25'),
(8, 10, NULL, NULL, NULL, NULL, '0.1', '2023-01-24 06:01:04', '2023-01-24 06:01:04'),
(9, 11, NULL, NULL, NULL, NULL, '0.1', '2023-01-24 06:03:57', '2023-01-24 06:03:57'),
(10, 12, NULL, NULL, NULL, NULL, '0.15', '2023-01-24 06:07:00', '2023-01-24 06:07:00'),
(11, 13, NULL, NULL, NULL, NULL, '0.2', '2023-01-24 06:17:08', '2023-01-24 06:20:39'),
(12, 14, NULL, NULL, NULL, NULL, '0.05', '2023-01-24 06:26:43', '2023-01-24 06:30:55'),
(13, 15, NULL, NULL, NULL, NULL, '0.2', '2023-01-24 06:33:41', '2023-01-24 06:33:41'),
(14, 16, NULL, NULL, NULL, NULL, '0.05', '2023-01-24 06:36:38', '2023-02-22 06:03:47'),
(15, 17, NULL, NULL, NULL, NULL, '0.05', '2023-01-24 06:40:21', '2023-01-24 06:41:36'),
(16, 18, NULL, NULL, NULL, NULL, '0.05', '2023-01-24 06:43:11', '2023-01-24 06:44:05'),
(17, 19, NULL, NULL, NULL, NULL, '0.2', '2023-01-24 06:46:15', '2023-01-24 06:48:42'),
(18, 20, NULL, NULL, NULL, NULL, '0.05', '2023-01-24 06:51:52', '2023-01-25 01:20:13'),
(19, 21, NULL, NULL, NULL, NULL, '0', '2023-01-24 06:54:17', '2023-01-24 06:54:17'),
(20, 22, NULL, NULL, NULL, NULL, '0.05', '2023-01-25 00:23:15', '2023-01-25 01:22:24'),
(21, 23, NULL, NULL, NULL, NULL, '0.05', '2023-01-25 00:25:55', '2023-01-25 00:27:00'),
(22, 24, NULL, NULL, NULL, NULL, '0.15', '2023-01-25 00:30:20', '2023-01-25 00:35:12'),
(23, 25, NULL, NULL, NULL, NULL, '0.05', '2023-01-25 00:42:31', '2023-01-25 00:42:31'),
(24, 26, NULL, NULL, NULL, NULL, '0.05', '2023-01-25 00:48:40', '2023-01-25 00:48:40'),
(25, 27, NULL, NULL, NULL, NULL, '0.05', '2023-01-25 00:58:51', '2023-01-25 00:58:51'),
(26, 28, NULL, NULL, NULL, NULL, '0', '2023-01-25 01:02:40', '2023-01-25 01:24:41'),
(27, 29, NULL, NULL, NULL, NULL, '0.2', '2023-01-25 01:07:21', '2023-01-25 01:27:10'),
(28, 31, NULL, NULL, NULL, NULL, '0.05', '2023-01-25 01:10:36', '2023-01-25 01:28:47'),
(29, 32, NULL, NULL, NULL, NULL, '0', '2023-01-25 01:13:48', '2023-01-25 01:18:08'),
(30, 33, 1, 0, '0', '0', '0.00', '2023-01-30 13:19:26', '2023-02-01 00:40:54'),
(31, 34, NULL, NULL, NULL, NULL, '0', '2023-01-30 21:21:55', '2023-01-30 21:21:55'),
(32, 108, NULL, NULL, '100', '4', '0.20', '2023-02-02 19:32:57', '2023-02-02 19:32:57'),
(33, 112, NULL, NULL, NULL, NULL, NULL, '2023-02-22 06:05:39', '2023-02-22 06:11:52');

-- --------------------------------------------------------

--
-- Table structure for table `k8_s`
--

CREATE TABLE `k8_s` (
  `id` bigint(20) UNSIGNED NOT NULL,
  `user_id` bigint(20) UNSIGNED NOT NULL,
  `penugasan` varchar(50) DEFAULT NULL,
  `jumlah_dilaksanakan` varchar(255) DEFAULT NULL,
  `jumlah_tdk` varchar(255) DEFAULT NULL,
  `jumlah_jaga` varchar(255) DEFAULT NULL,
  `jumlah_kedelapan` varchar(255) DEFAULT NULL,
  `nakhir` int(10) DEFAULT NULL,
  `n8` varchar(255) DEFAULT NULL,
  `created_at` timestamp NULL DEFAULT NULL,
  `updated_at` timestamp NULL DEFAULT NULL
) ENGINE=InnoDB DEFAULT CHARSET=utf8mb4 COLLATE=utf8mb4_unicode_ci;

--
-- Dumping data for table `k8_s`
--

INSERT INTO `k8_s` (`id`, `user_id`, `penugasan`, `jumlah_dilaksanakan`, `jumlah_tdk`, `jumlah_jaga`, `jumlah_kedelapan`, `nakhir`, `n8`, `created_at`, `updated_at`) VALUES
(1, 2, '10', '10', '0', NULL, '100', 4, '0.20', '2023-01-19 10:16:24', '2023-01-19 10:22:03'),
(2, 3, '10', '10', '0', NULL, '100', 4, '0.20', '2023-01-19 10:32:24', '2023-01-19 10:37:33'),
(3, 4, '10', '10', '0', NULL, '100', 4, '0.20', '2023-01-19 10:41:30', '2023-01-19 10:42:32'),
(4, 5, '10', '10', '0', NULL, '100', 4, '0.20', '2023-01-19 10:48:22', '2023-01-19 10:51:12'),
(5, 6, '10', '10', '0', NULL, '100', 4, '0.20', '2023-01-19 10:54:04', '2023-01-19 10:57:56'),
(6, 8, NULL, NULL, NULL, NULL, NULL, NULL, '0.2', '2023-01-24 05:47:10', '2023-01-24 05:47:10'),
(7, 9, NULL, NULL, NULL, NULL, NULL, NULL, '0.2', '2023-01-24 05:54:25', '2023-01-24 05:54:25'),
(8, 10, NULL, NULL, NULL, NULL, NULL, NULL, '0.2', '2023-01-24 06:01:04', '2023-01-24 06:01:04'),
(9, 11, NULL, NULL, NULL, NULL, NULL, NULL, '0.2', '2023-01-24 06:03:57', '2023-01-24 06:03:57'),
(10, 12, NULL, NULL, NULL, NULL, NULL, NULL, '0.2', '2023-01-24 06:07:00', '2023-01-24 06:07:00'),
(11, 13, NULL, NULL, NULL, NULL, NULL, NULL, '0.2', '2023-01-24 06:17:08', '2023-01-24 06:20:39'),
(12, 14, NULL, NULL, NULL, NULL, NULL, NULL, '0.2', '2023-01-24 06:26:43', '2023-01-24 06:30:55'),
(13, 15, NULL, NULL, NULL, NULL, NULL, NULL, '0.2', '2023-01-24 06:33:41', '2023-01-24 06:33:41'),
(14, 16, '10', '0', '10', NULL, '0', 0, '0.00', '2023-01-24 06:36:38', '2023-02-22 06:03:47'),
(15, 17, NULL, NULL, NULL, NULL, NULL, NULL, '0.2', '2023-01-24 06:40:21', '2023-01-24 06:41:36'),
(16, 18, NULL, NULL, NULL, NULL, NULL, NULL, '0.2', '2023-01-24 06:43:11', '2023-01-24 06:44:05'),
(17, 19, NULL, NULL, NULL, NULL, NULL, NULL, '0.2', '2023-01-24 06:46:15', '2023-01-24 06:48:42'),
(18, 20, NULL, NULL, NULL, NULL, NULL, NULL, '0.2', '2023-01-24 06:51:52', '2023-01-25 01:20:13'),
(19, 21, NULL, NULL, NULL, NULL, NULL, NULL, '0.2', '2023-01-24 06:54:17', '2023-01-24 06:54:17'),
(20, 22, NULL, NULL, NULL, NULL, NULL, NULL, '0.2', '2023-01-25 00:23:15', '2023-01-25 01:22:24'),
(21, 23, NULL, NULL, NULL, NULL, NULL, NULL, '0.2', '2023-01-25 00:25:55', '2023-01-25 00:27:00'),
(22, 24, NULL, NULL, NULL, NULL, NULL, NULL, '0.2', '2023-01-25 00:30:20', '2023-01-25 00:35:12'),
(23, 25, NULL, NULL, NULL, NULL, NULL, NULL, '0.2', '2023-01-25 00:42:31', '2023-01-25 00:42:31'),
(24, 26, NULL, NULL, NULL, NULL, NULL, NULL, '0.2', '2023-01-25 00:48:40', '2023-01-25 00:48:40'),
(25, 27, NULL, NULL, NULL, NULL, NULL, NULL, '0.2', '2023-01-25 00:58:51', '2023-01-25 00:58:51'),
(26, 28, NULL, NULL, NULL, NULL, NULL, NULL, '0.2', '2023-01-25 01:02:40', '2023-01-25 01:24:41'),
(27, 29, NULL, NULL, NULL, NULL, NULL, NULL, '0.2', '2023-01-25 01:07:21', '2023-01-25 01:27:10'),
(28, 31, NULL, NULL, NULL, NULL, NULL, NULL, '0.2', '2023-01-25 01:10:36', '2023-01-25 01:28:47'),
(29, 32, NULL, NULL, NULL, NULL, NULL, NULL, '0.2', '2023-01-25 01:13:48', '2023-01-25 01:18:08'),
(30, 33, '10', '0', '10', NULL, '0', 0, '0.00', '2023-01-30 13:19:26', '2023-02-01 00:40:54'),
(31, 34, NULL, NULL, NULL, NULL, NULL, NULL, '0.2', '2023-01-30 21:21:55', '2023-01-30 21:21:55'),
(32, 108, '10', '10', '0', NULL, '100', 4, '0.20', '2023-02-02 19:32:57', '2023-02-02 19:32:57'),
(33, 112, NULL, NULL, NULL, NULL, NULL, NULL, NULL, '2023-02-22 06:05:39', '2023-02-22 06:11:52');

-- --------------------------------------------------------

--
-- Table structure for table `k9_s`
--

CREATE TABLE `k9_s` (
  `id` bigint(20) UNSIGNED NOT NULL,
  `user_id` bigint(20) UNSIGNED NOT NULL,
  `jumlah_penugasan` varchar(255) DEFAULT NULL,
  `jumlah_realisasi` varchar(255) DEFAULT NULL,
  `total_presen` varchar(255) DEFAULT NULL,
  `nakhir` varchar(10) DEFAULT NULL,
  `n9` varchar(255) DEFAULT NULL,
  `created_at` timestamp NULL DEFAULT NULL,
  `updated_at` timestamp NULL DEFAULT NULL
) ENGINE=InnoDB DEFAULT CHARSET=utf8mb4 COLLATE=utf8mb4_unicode_ci;

--
-- Dumping data for table `k9_s`
--

INSERT INTO `k9_s` (`id`, `user_id`, `jumlah_penugasan`, `jumlah_realisasi`, `total_presen`, `nakhir`, `n9`, `created_at`, `updated_at`) VALUES
(1, 2, '10', '10', '100', '4', '0.20', '2023-01-19 10:16:24', '2023-01-19 10:22:03'),
(2, 3, '10', '10', '100', '4', '0.20', '2023-01-19 10:32:24', '2023-01-19 10:37:33'),
(3, 4, '10', '10', '100', '4', '0.20', '2023-01-19 10:41:30', '2023-01-19 10:42:32'),
(4, 5, '10', '10', '100', '4', '0.20', '2023-01-19 10:48:22', '2023-01-19 10:51:12'),
(5, 6, '10', '10', '100', '4', '0.20', '2023-01-19 10:54:04', '2023-01-19 10:57:56'),
(6, 8, NULL, NULL, NULL, NULL, '0.2', '2023-01-24 05:47:10', '2023-01-24 05:47:10'),
(7, 9, NULL, NULL, NULL, NULL, '0.2', '2023-01-24 05:54:25', '2023-01-24 05:54:25'),
(8, 10, NULL, NULL, NULL, NULL, '0.2', '2023-01-24 06:01:04', '2023-01-24 06:01:04'),
(9, 11, NULL, NULL, NULL, NULL, '0.2', '2023-01-24 06:03:57', '2023-01-24 06:03:57'),
(10, 12, NULL, NULL, NULL, NULL, '0.2', '2023-01-24 06:07:00', '2023-01-24 06:07:00'),
(11, 13, NULL, NULL, NULL, NULL, '0.2', '2023-01-24 06:17:08', '2023-01-24 06:20:39'),
(12, 14, NULL, NULL, NULL, NULL, '0.2', '2023-01-24 06:26:43', '2023-01-24 06:30:55'),
(13, 15, NULL, NULL, NULL, NULL, '0.2', '2023-01-24 06:33:41', '2023-01-24 06:33:41'),
(14, 16, NULL, NULL, NULL, NULL, '0.2', '2023-01-24 06:36:38', '2023-02-22 06:03:47'),
(15, 17, NULL, NULL, NULL, NULL, '0.2', '2023-01-24 06:40:21', '2023-01-24 06:41:36'),
(16, 18, NULL, NULL, NULL, NULL, '0.2', '2023-01-24 06:43:11', '2023-01-24 06:44:05'),
(17, 19, NULL, NULL, NULL, NULL, '0.2', '2023-01-24 06:46:15', '2023-01-24 06:48:42'),
(18, 20, NULL, NULL, NULL, NULL, '0.2', '2023-01-24 06:51:52', '2023-01-25 01:20:13'),
(19, 21, NULL, NULL, NULL, NULL, '0.2', '2023-01-24 06:54:17', '2023-01-24 06:54:17'),
(20, 22, NULL, NULL, NULL, NULL, '0.2', '2023-01-25 00:23:15', '2023-01-25 01:22:24'),
(21, 23, NULL, NULL, NULL, NULL, '0.2', '2023-01-25 00:25:55', '2023-01-25 00:27:00'),
(22, 24, NULL, NULL, NULL, NULL, '0.2', '2023-01-25 00:30:20', '2023-01-25 00:35:12'),
(23, 25, NULL, NULL, NULL, NULL, '0.2', '2023-01-25 00:42:31', '2023-01-25 00:42:31'),
(24, 26, NULL, NULL, NULL, NULL, '0.2', '2023-01-25 00:48:40', '2023-01-25 00:48:40'),
(25, 27, NULL, NULL, NULL, NULL, '0.2', '2023-01-25 00:58:51', '2023-01-25 00:58:51'),
(26, 28, NULL, NULL, NULL, NULL, '0.2', '2023-01-25 01:02:40', '2023-01-25 01:24:41'),
(27, 29, NULL, NULL, NULL, NULL, '0.2', '2023-01-25 01:07:21', '2023-01-25 01:27:10'),
(28, 31, NULL, NULL, NULL, NULL, '0.2', '2023-01-25 01:10:37', '2023-01-25 01:28:47'),
(29, 32, NULL, NULL, NULL, NULL, '0.2', '2023-01-25 01:13:48', '2023-01-25 01:18:08'),
(30, 33, '10', '0', '0', '0', '0.00', '2023-01-30 13:19:26', '2023-02-01 00:40:54'),
(31, 34, NULL, NULL, NULL, NULL, '0.2', '2023-01-30 21:21:55', '2023-01-30 21:21:55'),
(32, 108, '10', '10', '100', '4', '0.20', '2023-02-02 19:32:57', '2023-02-02 19:32:57'),
(33, 112, NULL, NULL, NULL, NULL, NULL, '2023-02-22 06:05:39', '2023-02-22 06:11:52');

-- --------------------------------------------------------

--
-- Table structure for table `k10_s`
--

CREATE TABLE `k10_s` (
  `id` bigint(20) UNSIGNED NOT NULL,
  `user_id` bigint(20) UNSIGNED NOT NULL,
  `jumlah_penelitian` int(11) DEFAULT NULL,
  `nakhir` varchar(10) DEFAULT NULL,
  `n10` varchar(255) DEFAULT NULL,
  `created_at` timestamp NULL DEFAULT NULL,
  `updated_at` timestamp NULL DEFAULT NULL
) ENGINE=InnoDB DEFAULT CHARSET=utf8mb4 COLLATE=utf8mb4_unicode_ci;

--
-- Dumping data for table `k10_s`
--

INSERT INTO `k10_s` (`id`, `user_id`, `jumlah_penelitian`, `nakhir`, `n10`, `created_at`, `updated_at`) VALUES
(1, 2, 4, '4', '1.00', '2023-01-19 10:16:24', '2023-01-19 10:22:03'),
(2, 3, 4, '4', '1.00', '2023-01-19 10:32:24', '2023-01-19 10:37:33'),
(3, 4, 4, '4', '1.00', '2023-01-19 10:41:30', '2023-01-19 10:42:32'),
(4, 5, 4, '4', '1.00', '2023-01-19 10:48:22', '2023-01-19 10:51:12'),
(5, 6, 4, '4', '1.00', '2023-01-19 10:54:04', '2023-01-19 10:57:56'),
(6, 8, NULL, NULL, '1', '2023-01-24 05:47:10', '2023-01-24 05:47:10'),
(7, 9, NULL, NULL, '1', '2023-01-24 05:54:25', '2023-01-24 05:54:25'),
(8, 10, NULL, NULL, '1', '2023-01-24 06:01:04', '2023-01-24 06:01:04'),
(9, 11, NULL, NULL, '1', '2023-01-24 06:03:57', '2023-01-24 06:03:57'),
(10, 12, NULL, NULL, '1', '2023-01-24 06:07:00', '2023-01-24 06:07:00'),
(11, 13, NULL, NULL, '1', '2023-01-24 06:17:08', '2023-01-24 06:20:39'),
(12, 14, NULL, NULL, '1', '2023-01-24 06:26:43', '2023-01-24 06:30:55'),
(13, 15, NULL, NULL, '1', '2023-01-24 06:33:41', '2023-01-24 06:33:41'),
(14, 16, NULL, NULL, '1', '2023-01-24 06:36:38', '2023-02-22 06:03:47'),
(15, 17, NULL, NULL, '1', '2023-01-24 06:40:21', '2023-01-24 06:41:36'),
(16, 18, NULL, NULL, '1', '2023-01-24 06:43:11', '2023-01-24 06:44:05'),
(17, 19, NULL, NULL, '1', '2023-01-24 06:46:15', '2023-01-24 06:48:42'),
(18, 20, NULL, NULL, '1', '2023-01-24 06:51:52', '2023-01-25 01:20:13'),
(19, 21, NULL, NULL, '1', '2023-01-24 06:54:17', '2023-01-24 06:54:17'),
(20, 22, NULL, NULL, '1', '2023-01-25 00:23:15', '2023-01-25 01:22:24'),
(21, 23, NULL, NULL, '1', '2023-01-25 00:25:55', '2023-01-25 00:27:00'),
(22, 24, NULL, NULL, '1', '2023-01-25 00:30:20', '2023-01-25 00:35:12'),
(23, 25, NULL, NULL, '1', '2023-01-25 00:42:31', '2023-01-25 00:42:31'),
(24, 26, NULL, NULL, '1', '2023-01-25 00:48:40', '2023-01-25 00:48:40'),
(25, 27, NULL, NULL, '1', '2023-01-25 00:58:52', '2023-01-25 00:58:52'),
(26, 28, NULL, NULL, '1', '2023-01-25 01:02:40', '2023-01-25 01:24:41'),
(27, 29, NULL, NULL, '1', '2023-01-25 01:07:21', '2023-01-25 01:27:10'),
(28, 31, NULL, NULL, '1', '2023-01-25 01:10:37', '2023-01-25 01:28:47'),
(29, 32, NULL, NULL, '1', '2023-01-25 01:13:48', '2023-01-25 01:18:08'),
(30, 33, 0, '0', '0.00', '2023-01-30 13:19:26', '2023-02-01 00:40:54'),
(31, 34, NULL, NULL, '0', '2023-01-30 21:21:55', '2023-01-30 21:21:55'),
(32, 108, 4, '4', '1.00', '2023-02-02 19:32:57', '2023-02-02 19:32:57'),
(33, 112, NULL, NULL, NULL, '2023-02-22 06:05:39', '2023-02-22 06:11:52');

-- --------------------------------------------------------

--
-- Table structure for table `k11_s`
--

CREATE TABLE `k11_s` (
  `id` bigint(20) UNSIGNED NOT NULL,
  `user_id` bigint(20) UNSIGNED NOT NULL,
  `jumlah_karya` int(11) DEFAULT NULL,
  `nakhir` varchar(10) DEFAULT NULL,
  `n11` varchar(255) DEFAULT NULL,
  `created_at` timestamp NULL DEFAULT NULL,
  `updated_at` timestamp NULL DEFAULT NULL
) ENGINE=InnoDB DEFAULT CHARSET=utf8mb4 COLLATE=utf8mb4_unicode_ci;

--
-- Dumping data for table `k11_s`
--

INSERT INTO `k11_s` (`id`, `user_id`, `jumlah_karya`, `nakhir`, `n11`, `created_at`, `updated_at`) VALUES
(1, 2, 4, '4', '0.60', '2023-01-19 10:16:24', '2023-01-19 10:22:03'),
(2, 3, 4, '4', '0.60', '2023-01-19 10:32:24', '2023-01-19 10:37:33'),
(3, 4, 4, '4', '0.60', '2023-01-19 10:41:30', '2023-01-19 10:42:32'),
(4, 5, 4, '4', '0.60', '2023-01-19 10:48:22', '2023-01-19 10:51:12'),
(5, 6, 4, '4', '0.60', '2023-01-19 10:54:04', '2023-01-19 10:57:56'),
(6, 8, NULL, NULL, '0.6', '2023-01-24 05:47:10', '2023-01-24 05:47:10'),
(7, 9, NULL, NULL, '0.6', '2023-01-24 05:54:25', '2023-01-24 05:54:25'),
(8, 10, NULL, NULL, '0.6', '2023-01-24 06:01:04', '2023-01-24 06:01:04'),
(9, 11, NULL, NULL, '0.6', '2023-01-24 06:03:57', '2023-01-24 06:03:57'),
(10, 12, NULL, NULL, '0.6', '2023-01-24 06:07:00', '2023-01-24 06:07:00'),
(11, 13, NULL, NULL, '0.6', '2023-01-24 06:17:08', '2023-01-24 06:20:39'),
(12, 14, NULL, NULL, '0.6', '2023-01-24 06:26:43', '2023-01-24 06:30:55'),
(13, 15, NULL, NULL, '0.6', '2023-01-24 06:33:41', '2023-01-24 06:33:41'),
(14, 16, NULL, NULL, '0.6', '2023-01-24 06:36:38', '2023-02-22 06:03:47'),
(15, 17, NULL, NULL, '0.6', '2023-01-24 06:40:21', '2023-01-24 06:41:36'),
(16, 18, NULL, NULL, '0.6', '2023-01-24 06:43:11', '2023-01-24 06:44:05'),
(17, 19, NULL, NULL, '0.6', '2023-01-24 06:46:15', '2023-01-24 06:48:42'),
(18, 20, NULL, NULL, '0.6', '2023-01-24 06:51:52', '2023-01-25 01:20:13'),
(19, 21, NULL, NULL, '0.6', '2023-01-24 06:54:17', '2023-01-24 06:54:17'),
(20, 22, NULL, NULL, '0,6', '2023-01-25 00:23:15', '2023-01-25 01:22:24'),
(21, 23, NULL, NULL, '0.6', '2023-01-25 00:25:55', '2023-01-25 00:27:00'),
(22, 24, NULL, NULL, '0.6', '2023-01-25 00:30:20', '2023-01-25 00:35:12'),
(23, 25, NULL, NULL, '0.6', '2023-01-25 00:42:31', '2023-01-25 00:42:31'),
(24, 26, NULL, NULL, '0.6', '2023-01-25 00:48:40', '2023-01-25 00:48:40'),
(25, 27, NULL, NULL, '0.6', '2023-01-25 00:58:52', '2023-01-25 00:58:52'),
(26, 28, NULL, NULL, '0.6', '2023-01-25 01:02:40', '2023-01-25 01:24:41'),
(27, 29, NULL, NULL, '0.3', '2023-01-25 01:07:21', '2023-01-25 01:27:10'),
(28, 31, NULL, NULL, '0.6', '2023-01-25 01:10:37', '2023-01-25 01:28:48'),
(29, 32, NULL, NULL, '0.6', '2023-01-25 01:13:48', '2023-01-25 01:18:08'),
(30, 33, 0, '0', '0.00', '2023-01-30 13:19:26', '2023-02-01 00:40:54'),
(31, 34, NULL, NULL, '0', '2023-01-30 21:21:55', '2023-01-30 21:21:55'),
(32, 108, 4, '4', '0.60', '2023-02-02 19:32:57', '2023-02-02 19:32:57'),
(33, 112, NULL, NULL, NULL, '2023-02-22 06:05:39', '2023-02-22 06:11:52');

-- --------------------------------------------------------

--
-- Table structure for table `k12_s`
--

CREATE TABLE `k12_s` (
  `id` bigint(20) UNSIGNED NOT NULL,
  `user_id` bigint(20) UNSIGNED NOT NULL,
  `tgl_masuk` date DEFAULT NULL,
  `waktu_masuk` time DEFAULT NULL,
  `waktu_keluar` time DEFAULT NULL,
  `waktu_masuk_bulat` varchar(50) DEFAULT NULL,
  `waktu_keluar_bulat` varchar(50) DEFAULT NULL,
  `waktu_total` varchar(50) DEFAULT NULL,
  `jenis` varchar(255) DEFAULT NULL,
  `total_tm` varchar(255) DEFAULT NULL,
  `nakhir` varchar(10) DEFAULT NULL,
  `n12` varchar(255) DEFAULT NULL,
  `created_at` timestamp NULL DEFAULT NULL,
  `updated_at` timestamp NULL DEFAULT NULL
) ENGINE=InnoDB DEFAULT CHARSET=utf8mb4 COLLATE=utf8mb4_unicode_ci;

--
-- Dumping data for table `k12_s`
--

INSERT INTO `k12_s` (`id`, `user_id`, `tgl_masuk`, `waktu_masuk`, `waktu_keluar`, `waktu_masuk_bulat`, `waktu_keluar_bulat`, `waktu_total`, `jenis`, `total_tm`, `nakhir`, `n12`, `created_at`, `updated_at`) VALUES
(1, 2, '2023-01-20', '08:00:00', '16:00:00', '8', NULL, NULL, NULL, NULL, '4', '0.20', '2023-01-19 10:16:24', '2023-01-19 10:22:03'),
(2, 3, '2023-01-20', '07:00:00', '16:00:00', '9', NULL, NULL, NULL, NULL, '4', '0.20', '2023-01-19 10:32:24', '2023-01-19 10:37:33'),
(3, 4, '2023-01-20', '09:00:00', '19:00:00', '10', NULL, NULL, NULL, NULL, '4', '0.20', '2023-01-19 10:41:30', '2023-01-19 10:42:32'),
(4, 5, '2023-01-20', '08:00:00', '16:00:00', '8', NULL, NULL, NULL, NULL, '4', '0.20', '2023-01-19 10:48:22', '2023-01-19 10:51:12'),
(5, 6, '2023-01-20', '08:00:00', '17:00:00', '9', NULL, NULL, NULL, NULL, '4', '0.20', '2023-01-19 10:54:04', '2023-01-19 10:57:56'),
(6, 8, NULL, NULL, NULL, NULL, NULL, NULL, NULL, NULL, NULL, '0.2', '2023-01-24 05:47:10', '2023-01-24 05:47:10'),
(7, 9, NULL, NULL, NULL, NULL, NULL, NULL, NULL, NULL, NULL, '0.2', '2023-01-24 05:54:25', '2023-01-24 05:54:25'),
(8, 10, NULL, NULL, NULL, NULL, NULL, NULL, NULL, NULL, NULL, '0.2', '2023-01-24 06:01:04', '2023-01-24 06:01:04'),
(9, 11, NULL, NULL, NULL, NULL, NULL, NULL, NULL, NULL, NULL, '0.2', '2023-01-24 06:03:57', '2023-01-24 06:03:57'),
(10, 12, NULL, NULL, NULL, NULL, NULL, NULL, NULL, NULL, NULL, '0.2', '2023-01-24 06:07:00', '2023-01-24 06:07:00'),
(11, 13, NULL, NULL, NULL, NULL, NULL, NULL, NULL, NULL, NULL, '0.2', '2023-01-24 06:17:08', '2023-01-24 06:20:39'),
(12, 14, NULL, NULL, NULL, NULL, NULL, NULL, NULL, NULL, NULL, '0.2', '2023-01-24 06:26:43', '2023-01-24 06:30:55'),
(13, 15, NULL, NULL, NULL, NULL, NULL, NULL, NULL, NULL, NULL, '0.2', '2023-01-24 06:33:41', '2023-01-24 06:33:41'),
(14, 16, NULL, NULL, NULL, NULL, NULL, NULL, NULL, NULL, NULL, '0.2', '2023-01-24 06:36:38', '2023-02-22 06:03:47'),
(15, 17, NULL, NULL, NULL, NULL, NULL, NULL, NULL, NULL, NULL, '0.2', '2023-01-24 06:40:21', '2023-01-24 06:41:36'),
(16, 18, NULL, NULL, NULL, NULL, NULL, NULL, NULL, NULL, NULL, '0.2', '2023-01-24 06:43:11', '2023-01-24 06:44:05'),
(17, 19, NULL, NULL, NULL, NULL, NULL, NULL, NULL, NULL, NULL, '0.2', '2023-01-24 06:46:15', '2023-01-24 06:48:42'),
(18, 20, NULL, NULL, NULL, NULL, NULL, NULL, NULL, NULL, NULL, '0.2', '2023-01-24 06:51:52', '2023-01-25 01:20:13'),
(19, 21, NULL, NULL, NULL, NULL, NULL, NULL, NULL, NULL, NULL, '0.2', '2023-01-24 06:54:17', '2023-01-24 06:54:17'),
(20, 22, NULL, NULL, NULL, NULL, NULL, NULL, NULL, NULL, NULL, '0.2', '2023-01-25 00:23:15', '2023-01-25 01:22:24'),
(21, 23, NULL, NULL, NULL, NULL, NULL, NULL, NULL, NULL, NULL, '0.2', '2023-01-25 00:25:55', '2023-01-25 00:27:00'),
(22, 24, NULL, NULL, NULL, NULL, NULL, NULL, NULL, NULL, NULL, '0.2', '2023-01-25 00:30:20', '2023-01-25 00:35:12'),
(23, 25, NULL, NULL, NULL, NULL, NULL, NULL, NULL, NULL, NULL, '0.2', '2023-01-25 00:42:31', '2023-01-25 00:42:31'),
(24, 26, NULL, NULL, NULL, NULL, NULL, NULL, NULL, NULL, NULL, '0.2', '2023-01-25 00:48:40', '2023-01-25 00:48:40'),
(25, 27, NULL, NULL, NULL, NULL, NULL, NULL, NULL, NULL, NULL, '0.2', '2023-01-25 00:58:52', '2023-01-25 00:58:52'),
(26, 28, NULL, NULL, NULL, NULL, NULL, NULL, NULL, NULL, NULL, '0.2', '2023-01-25 01:02:40', '2023-01-25 01:24:41'),
(27, 29, NULL, NULL, NULL, NULL, NULL, NULL, NULL, NULL, NULL, '0.2', '2023-01-25 01:07:21', '2023-01-25 01:27:10'),
(28, 31, NULL, NULL, NULL, NULL, NULL, NULL, NULL, NULL, NULL, '0.2', '2023-01-25 01:10:37', '2023-01-25 01:28:48'),
(29, 32, NULL, NULL, NULL, NULL, NULL, NULL, NULL, NULL, NULL, '0.2', '2023-01-25 01:13:48', '2023-01-25 01:18:08'),
(30, 33, NULL, NULL, NULL, '3', NULL, NULL, NULL, NULL, '0', '0.00', '2023-01-30 13:19:26', '2023-02-01 00:40:54'),
(31, 34, NULL, NULL, NULL, NULL, NULL, NULL, NULL, NULL, NULL, '0.2', '2023-01-30 21:21:55', '2023-01-30 21:21:55'),
(32, 108, '2023-02-03', '07:00:00', '16:00:00', '9', NULL, NULL, NULL, NULL, '4', '0.20', '2023-02-02 19:32:57', '2023-02-02 19:32:57'),
(33, 112, NULL, NULL, NULL, NULL, NULL, NULL, NULL, NULL, NULL, NULL, '2023-02-22 06:05:39', '2023-02-22 06:11:52');

-- --------------------------------------------------------

--
-- Table structure for table `k13_s`
--

CREATE TABLE `k13_s` (
  `id` bigint(20) UNSIGNED NOT NULL,
  `user_id` bigint(20) UNSIGNED NOT NULL,
  `tgl_masuk` date DEFAULT NULL,
  `waktu_masuk` time DEFAULT NULL,
  `waktu_keluar` time DEFAULT NULL,
  `waktu_masuk_bulat` varchar(50) DEFAULT NULL,
  `waktu_keluar_bulat` varchar(50) DEFAULT NULL,
  `waktu_total` varchar(50) DEFAULT NULL,
  `jenis` varchar(255) DEFAULT NULL,
  `total_tm` varchar(255) DEFAULT NULL,
  `nakhir` varchar(10) DEFAULT NULL,
  `n13` varchar(255) DEFAULT NULL,
  `created_at` timestamp NULL DEFAULT NULL,
  `updated_at` timestamp NULL DEFAULT NULL
) ENGINE=InnoDB DEFAULT CHARSET=utf8mb4 COLLATE=utf8mb4_unicode_ci;

--
-- Dumping data for table `k13_s`
--

INSERT INTO `k13_s` (`id`, `user_id`, `tgl_masuk`, `waktu_masuk`, `waktu_keluar`, `waktu_masuk_bulat`, `waktu_keluar_bulat`, `waktu_total`, `jenis`, `total_tm`, `nakhir`, `n13`, `created_at`, `updated_at`) VALUES
(1, 2, '2023-01-20', '08:00:00', '16:00:00', '8', NULL, NULL, NULL, NULL, '4', '0.20', '2023-01-19 10:16:24', '2023-01-19 10:22:03'),
(2, 3, '2023-01-20', '08:00:00', '16:00:00', '8', NULL, NULL, NULL, NULL, '4', '0.20', '2023-01-19 10:32:24', '2023-01-19 10:37:33'),
(3, 4, '2023-01-20', '09:00:00', '18:00:00', '9', NULL, NULL, NULL, NULL, '4', '0.20', '2023-01-19 10:41:30', '2023-01-19 10:42:32'),
(4, 5, '2023-01-20', '08:00:00', '18:00:00', '10', NULL, NULL, NULL, NULL, '4', '0.20', '2023-01-19 10:48:22', '2023-01-19 10:51:12'),
(5, 6, '2023-01-20', '08:00:00', '19:00:00', '11', NULL, NULL, NULL, NULL, '4', '0.20', '2023-01-19 10:54:04', '2023-01-19 10:57:56'),
(6, 8, NULL, NULL, NULL, NULL, NULL, NULL, NULL, NULL, NULL, '0.2', '2023-01-24 05:47:10', '2023-01-24 05:47:10'),
(7, 9, NULL, NULL, NULL, NULL, NULL, NULL, NULL, NULL, NULL, '0.2', '2023-01-24 05:54:25', '2023-01-24 05:54:25'),
(8, 10, NULL, NULL, NULL, NULL, NULL, NULL, NULL, NULL, NULL, '0.2', '2023-01-24 06:01:04', '2023-01-24 06:01:04'),
(9, 11, NULL, NULL, NULL, NULL, NULL, NULL, NULL, NULL, NULL, '0.2', '2023-01-24 06:03:57', '2023-01-24 06:03:57'),
(10, 12, NULL, NULL, NULL, NULL, NULL, NULL, NULL, NULL, NULL, '0.2', '2023-01-24 06:07:00', '2023-01-24 06:07:00'),
(11, 13, NULL, NULL, NULL, NULL, NULL, NULL, NULL, NULL, NULL, '0.2', '2023-01-24 06:17:08', '2023-01-24 06:20:39'),
(12, 14, NULL, NULL, NULL, NULL, NULL, NULL, NULL, NULL, NULL, '0.2', '2023-01-24 06:26:43', '2023-01-24 06:30:55'),
(13, 15, NULL, NULL, NULL, NULL, NULL, NULL, NULL, NULL, NULL, '0.2', '2023-01-24 06:33:41', '2023-01-24 06:33:41'),
(14, 16, NULL, NULL, NULL, NULL, NULL, NULL, NULL, NULL, NULL, '0.2', '2023-01-24 06:36:38', '2023-02-22 06:03:47'),
(15, 17, NULL, NULL, NULL, NULL, NULL, NULL, NULL, NULL, NULL, '0.2', '2023-01-24 06:40:21', '2023-01-24 06:41:36'),
(16, 18, NULL, NULL, NULL, NULL, NULL, NULL, NULL, NULL, NULL, '0.2', '2023-01-24 06:43:11', '2023-01-24 06:44:05'),
(17, 19, NULL, NULL, NULL, NULL, NULL, NULL, NULL, NULL, NULL, '0.2', '2023-01-24 06:46:15', '2023-01-24 06:48:42'),
(18, 20, NULL, NULL, NULL, NULL, NULL, NULL, NULL, NULL, NULL, '0.2', '2023-01-24 06:51:52', '2023-01-25 01:20:13'),
(19, 21, NULL, NULL, NULL, NULL, NULL, NULL, NULL, NULL, NULL, '0.2', '2023-01-24 06:54:17', '2023-01-24 06:54:17'),
(20, 22, NULL, NULL, NULL, NULL, NULL, NULL, NULL, NULL, NULL, '0.2', '2023-01-25 00:23:15', '2023-01-25 01:22:24'),
(21, 23, NULL, NULL, NULL, NULL, NULL, NULL, NULL, NULL, NULL, '0.2', '2023-01-25 00:25:55', '2023-01-25 00:27:00'),
(22, 24, NULL, NULL, NULL, NULL, NULL, NULL, NULL, NULL, NULL, '0.2', '2023-01-25 00:30:20', '2023-01-25 00:35:12'),
(23, 25, NULL, NULL, NULL, NULL, NULL, NULL, NULL, NULL, NULL, '0.2', '2023-01-25 00:42:31', '2023-01-25 00:42:31'),
(24, 26, NULL, NULL, NULL, NULL, NULL, NULL, NULL, NULL, NULL, '0.2', '2023-01-25 00:48:40', '2023-01-25 00:48:40'),
(25, 27, NULL, NULL, NULL, NULL, NULL, NULL, NULL, NULL, NULL, '0.2', '2023-01-25 00:58:52', '2023-01-25 00:58:52'),
(26, 28, NULL, NULL, NULL, NULL, NULL, NULL, NULL, NULL, NULL, '0.2', '2023-01-25 01:02:40', '2023-01-25 01:24:41'),
(27, 29, NULL, NULL, NULL, NULL, NULL, NULL, NULL, NULL, NULL, '0.2', '2023-01-25 01:07:21', '2023-01-25 01:27:10'),
(28, 31, NULL, NULL, NULL, NULL, NULL, NULL, NULL, NULL, NULL, '0.2', '2023-01-25 01:10:37', '2023-01-25 01:28:48'),
(29, 32, NULL, NULL, NULL, NULL, NULL, NULL, NULL, NULL, NULL, '0.2', '2023-01-25 01:13:48', '2023-01-25 01:18:08'),
(30, 33, NULL, NULL, NULL, '3', NULL, NULL, NULL, NULL, '0', '0.00', '2023-01-30 13:19:26', '2023-02-01 00:40:54'),
(31, 34, NULL, NULL, NULL, NULL, NULL, NULL, NULL, NULL, NULL, '0.2', '2023-01-30 21:21:55', '2023-01-30 21:21:55'),
(32, 108, '2023-02-03', '07:00:00', '16:00:00', '9', NULL, NULL, NULL, NULL, '4', '0.20', '2023-02-02 19:32:57', '2023-02-02 19:32:57'),
(33, 112, NULL, NULL, NULL, NULL, NULL, NULL, NULL, NULL, NULL, NULL, '2023-02-22 06:05:39', '2023-02-22 06:11:52');

-- --------------------------------------------------------

--
-- Table structure for table `k14_s`
--

CREATE TABLE `k14_s` (
  `id` bigint(20) UNSIGNED NOT NULL,
  `user_id` bigint(20) UNSIGNED NOT NULL,
  `total_pengurangan` varchar(255) DEFAULT NULL,
  `nakhir` varchar(10) DEFAULT NULL,
  `n14` varchar(255) DEFAULT NULL,
  `created_at` timestamp NULL DEFAULT NULL,
  `updated_at` timestamp NULL DEFAULT NULL
) ENGINE=InnoDB DEFAULT CHARSET=utf8mb4 COLLATE=utf8mb4_unicode_ci;

--
-- Dumping data for table `k14_s`
--

INSERT INTO `k14_s` (`id`, `user_id`, `total_pengurangan`, `nakhir`, `n14`, `created_at`, `updated_at`) VALUES
(1, 2, '0', '4', '0.20', '2023-01-19 10:16:24', '2023-01-19 10:22:03'),
(2, 3, '0', '4', '0.20', '2023-01-19 10:32:24', '2023-01-19 10:37:33'),
(3, 4, '0', '4', '0.20', '2023-01-19 10:41:30', '2023-01-19 10:42:32'),
(4, 5, '0', '4', '0.20', '2023-01-19 10:48:22', '2023-01-19 10:51:12'),
(5, 6, '0', '4', '0.20', '2023-01-19 10:54:04', '2023-01-19 10:57:56'),
(6, 8, NULL, NULL, '0.2', '2023-01-24 05:47:10', '2023-01-24 05:47:10'),
(7, 9, NULL, NULL, '0.2', '2023-01-24 05:54:25', '2023-01-24 05:54:25'),
(8, 10, NULL, NULL, '0.2', '2023-01-24 06:01:04', '2023-01-24 06:01:04'),
(9, 11, NULL, NULL, '0.2', '2023-01-24 06:03:58', '2023-01-24 06:03:58'),
(10, 12, NULL, NULL, '0.2', '2023-01-24 06:07:00', '2023-01-24 06:07:00'),
(11, 13, NULL, NULL, '0.2', '2023-01-24 06:17:08', '2023-01-24 06:20:39'),
(12, 14, NULL, NULL, '0.2', '2023-01-24 06:26:43', '2023-01-24 06:30:55'),
(13, 15, NULL, NULL, '0.2', '2023-01-24 06:33:41', '2023-01-24 06:33:41'),
(14, 16, NULL, NULL, '0.2', '2023-01-24 06:36:39', '2023-02-22 06:03:47'),
(15, 17, NULL, NULL, '0.2', '2023-01-24 06:40:21', '2023-01-24 06:41:36'),
(16, 18, NULL, NULL, '0.2', '2023-01-24 06:43:11', '2023-01-24 06:44:05'),
(17, 19, NULL, NULL, '0.2', '2023-01-24 06:46:15', '2023-01-24 06:48:42'),
(18, 20, NULL, NULL, '0.2', '2023-01-24 06:51:52', '2023-01-25 01:20:13'),
(19, 21, NULL, NULL, '0.2', '2023-01-24 06:54:17', '2023-01-24 06:54:17'),
(20, 22, NULL, NULL, '0.2', '2023-01-25 00:23:15', '2023-01-25 01:22:24'),
(21, 23, NULL, NULL, '0.2', '2023-01-25 00:25:55', '2023-01-25 00:27:00'),
(22, 24, NULL, NULL, '0.2', '2023-01-25 00:30:20', '2023-01-25 00:35:12'),
(23, 25, NULL, NULL, '0.2', '2023-01-25 00:42:31', '2023-01-25 00:42:31'),
(24, 26, NULL, NULL, '0.2', '2023-01-25 00:48:40', '2023-01-25 00:48:40'),
(25, 27, NULL, NULL, '0.2', '2023-01-25 00:58:52', '2023-01-25 00:58:52'),
(26, 28, NULL, NULL, '0.2', '2023-01-25 01:02:40', '2023-01-25 01:24:41'),
(27, 29, NULL, NULL, '0.2', '2023-01-25 01:07:21', '2023-01-25 01:27:10'),
(28, 31, NULL, NULL, '0.2', '2023-01-25 01:10:37', '2023-01-25 01:28:48'),
(29, 32, NULL, NULL, '0.2', '2023-01-25 01:13:48', '2023-01-25 01:18:08'),
(30, 33, '10', '0', '0.00', '2023-01-30 13:19:26', '2023-02-01 00:40:54'),
(31, 34, NULL, NULL, '0.2', '2023-01-30 21:21:55', '2023-01-30 21:21:55'),
(32, 108, '0', '4', '0.20', '2023-02-02 19:32:57', '2023-02-02 19:32:57'),
(33, 112, NULL, NULL, NULL, '2023-02-22 06:05:39', '2023-02-22 06:11:52');

-- --------------------------------------------------------

--
-- Table structure for table `kelas`
--

CREATE TABLE `kelas` (
  `id` bigint(20) UNSIGNED NOT NULL,
  `nama_kelas` varchar(255) NOT NULL,
  `created_at` timestamp NULL DEFAULT NULL,
  `updated_at` timestamp NULL DEFAULT NULL
) ENGINE=InnoDB DEFAULT CHARSET=utf8mb4 COLLATE=utf8mb4_unicode_ci;

--
-- Dumping data for table `kelas`
--

INSERT INTO `kelas` (`id`, `nama_kelas`, `created_at`, `updated_at`) VALUES
(1, '4115', '2023-01-03 10:48:00', NULL),
(2, '4014', '2023-01-02 17:00:00', NULL),
(3, '4715', '2023-01-03 11:48:34', NULL),
(4, '4415', '2023-01-02 17:00:00', NULL),
(5, '43211', '2023-01-17 14:42:25', '2023-01-17 14:42:25');

-- --------------------------------------------------------

--
-- Table structure for table `master_nilais`
--

CREATE TABLE `master_nilais` (
  `id` bigint(20) UNSIGNED NOT NULL,
  `user_id` bigint(20) NOT NULL,
  `n1` varchar(255) DEFAULT NULL,
  `n2` varchar(255) DEFAULT NULL,
  `n3` varchar(255) DEFAULT NULL,
  `n4` varchar(255) DEFAULT NULL,
  `n5` varchar(255) DEFAULT NULL,
  `n6` varchar(255) DEFAULT NULL,
  `n7` varchar(255) DEFAULT NULL,
  `n8` varchar(255) DEFAULT NULL,
  `n9` varchar(255) DEFAULT NULL,
  `n10` varchar(255) DEFAULT NULL,
  `n11` varchar(255) DEFAULT NULL,
  `n12` varchar(255) DEFAULT NULL,
  `n13` varchar(255) DEFAULT NULL,
  `n14` varchar(255) DEFAULT NULL,
  `rata` varchar(255) DEFAULT NULL,
  `keterangan` varchar(50) DEFAULT NULL,
  `accuracy` varchar(10) DEFAULT NULL,
  `recall` varchar(10) DEFAULT NULL,
  `precision` varchar(10) DEFAULT NULL,
  `rank` varchar(10) DEFAULT NULL,
  `created_at` timestamp NULL DEFAULT NULL,
  `updated_at` timestamp NULL DEFAULT NULL
) ENGINE=InnoDB DEFAULT CHARSET=utf8mb4 COLLATE=utf8mb4_unicode_ci;

--
-- Dumping data for table `master_nilais`
--

INSERT INTO `master_nilais` (`id`, `user_id`, `n1`, `n2`, `n3`, `n4`, `n5`, `n6`, `n7`, `n8`, `n9`, `n10`, `n11`, `n12`, `n13`, `n14`, `rata`, `keterangan`, `accuracy`, `recall`, `precision`, `rank`, `created_at`, `updated_at`) VALUES
(1, 2, '0.20', '0.2', '0.2', '0.2', '0.2', '0.2', '0.20', '0.20', '0.20', '1.00', '0.60', '0.20', '0.20', '0.20', '4', 'Sangat Baik', '1', '1', '1', '1', '2023-01-19 10:16:24', '2023-02-22 06:11:52'),
(2, 3, '0.20', '0.2', '0.2', '0.2', '0.19', '0.2', '0.20', '0.20', '0.20', '1.00', '0.60', '0.20', '0.20', '0.20', '3.99', 'Sangat Baik', '1', '1', '1', '4', '2023-01-19 10:32:24', '2023-02-22 06:11:52'),
(3, 4, '0.20', '0.19375', '0.2', '0.2', '0.1885', '0.2', '0.20', '0.20', '0.20', '1.00', '0.60', '0.20', '0.20', '0.20', '3.99375', 'Sangat Baik', '1', '1', '1', '3', '2023-01-19 10:41:30', '2023-02-22 06:11:52'),
(4, 5, '0.20', '0.1875', '0.175', '0.2', '0.15', '0.2', '0.20', '0.20', '0.20', '1.00', '0.60', '0.20', '0.20', '0.20', '3.9375', 'Sangat Baik', '1', '1', '1', '5', '2023-01-19 10:48:22', '2023-02-22 06:11:52'),
(5, 6, '0.20', '0.19375', '0.175', '0.2', '0.161', '0.2', '0.20', '0.20', '0.20', '1.00', '0.60', '0.20', '0.20', '0.20', '3.92975', 'Sangat Baik', '1', '1', '1', '6', '2023-01-19 10:54:04', '2023-02-22 06:11:52'),
(6, 8, '0.2', '0.185', '0.1', '0.2', '0.2', '0.2', '0.2', '0.2', '0.2', '1', '0.6', '0.2', '0.2', '0.2', '3.885', 'Sangat Baik', '1', '1', '1', '7', '2023-01-24 05:47:10', '2023-02-22 06:11:52'),
(7, 9, '0.2', '0.19', '0.155', '0.2', '0.17', '0.2', '0.15', '0.2', '0.2', '1', '0.6', '0.2', '0.2', '0.2', '3.865', 'Sangat Baik', '1', '1', '1', '8', '2023-01-24 05:54:25', '2023-02-22 06:11:52'),
(8, 10, '0.2', '0.1875', '0.2', '0.2', '0.175', '0.2', '0.1', '0.2', '0.2', '1', '0.6', '0.2', '0.2', '0.2', '3.8625', 'Sangat Baik', '1', '1', '1', '9', '2023-01-24 06:01:04', '2023-02-22 06:11:52'),
(9, 11, '0.2', '0.2', '0.175', '0.2', '0.175', '0.2', '0.1', '0.2', '0.2', '1', '0.6', '0.2', '0.2', '0.2', '3.85', 'Sangat Baik', '1', '1', '1', '10', '2023-01-24 06:03:57', '2023-02-22 06:11:52'),
(10, 12, '0.2', '0.1445', '0.2', '0.2', '0.15', '0.2', '0.15', '0.2', '0.2', '1', '0.6', '0.2', '0.2', '0.2', '3.8445', 'Sangat Baik', '1', '1', '1', '11', '2023-01-24 06:07:00', '2023-02-22 06:11:52'),
(11, 13, '0.2', '0.18125', '0.1', '0.2', '0.1625', '0.2', '0.2', '0.2', '0.2', '1', '0.6', '0.2', '0.2', '0.2', '3.84375', 'Sangat Baik', '1', '1', '1', '12', '2023-01-24 06:17:08', '2023-02-22 06:11:52'),
(12, 14, '0.2', '0.2', '0.2', '0.2', '0.1665', '0.2', '0.05', '0.2', '0.2', '1', '0.6', '0.2', '0.2', '0.2', '3.8165', 'Sangat Baik', '1', '1', '1', '13', '2023-01-24 06:26:43', '2023-02-22 06:11:52'),
(13, 15, '0.2', '0.193', '0.2', '0.2', '0.2', '0', '0.2', '0.2', '0.2', '1', '0.6', '0.2', '0.2', '0.2', '3.793', 'Sangat Baik', '1', '1', '1', '14', '2023-01-24 06:33:41', '2023-02-22 06:11:52'),
(14, 16, '0.2', '0.1835', '0.175', '0.2', '0.18', '0.2', '0.05', '0.00', '0.2', '1', '0.6', '0.2', '0.2', '0.2', '3.5885', 'Sangat Baik', '1', '1', '1', '29', '2023-01-24 06:36:38', '2023-02-22 06:11:52'),
(15, 17, '0.2', '0.1608', '0.2', '0.2', '0.168', '0.2', '0.05', '0.2', '0.2', '1', '0.6', '0.2', '0.2', '0.2', '3.7788', 'Sangat Baik', '1', '1', '1', '15', '2023-01-24 06:40:21', '2023-02-22 06:11:52'),
(16, 18, '0.2', '0.2', '0.125', '0.2', '0.2', '0.2', '0.05', '0.2', '0.2', '1', '0.6', '0.2', '0.2', '0.2', '3.775', 'Sangat Baik', '1', '1', '1', '16', '2023-01-24 06:43:11', '2023-02-22 06:11:52'),
(17, 19, '0.2', '0.16875', '0.2', '0.2', '0.19', '0', '0.2', '0.2', '0.2', '1', '0.6', '0.2', '0.2', '0.2', '3.75875', 'Sangat Baik', '1', '1', '1', '17', '2023-01-24 06:46:15', '2023-02-22 06:11:52'),
(18, 20, '0.2', '0.175', '0.175', '0.2', '0.1445', '0.2', '0.05', '0.2', '0.2', '1', '0.6', '0.2', '0.2', '0.2', '3.7445', 'Sangat Baik', '1', '1', '1', '18', '2023-01-24 06:49:56', '2023-02-22 06:11:52'),
(19, 21, '0.2', '0.1925', '0.175', '0.2', '0.16', '0.2', '0', '0.2', '0.2', '1', '0.6', '0.2', '0.2', '0.2', '3.7275', 'Sangat Baik', '1', '1', '1', '19', '2023-01-24 06:53:02', '2023-02-22 06:11:52'),
(20, 22, '0.2', '0.16875', '0.125', '0.2', '0.18125', '0.2', '0.05', '0.2', '0.2', '1', '0.6', '0.2', '0.2', '0.2', '3.125', 'Sangat Baik', '1', '1', '1', '30', '2023-01-25 00:23:15', '2023-02-22 06:11:52'),
(21, 23, '0.2', '0.114', '0.175', '0.2', '0.185', '0.2', '0.05', '0.2', '0.2', '1', '0.6', '0.2', '0.2', '0.2', '3.724', 'Sangat Baik', '1', '1', '1', '20', '2023-01-25 00:25:55', '2023-02-22 06:11:52'),
(22, 24, '0.2', '0.193', '0.2', '0.2', '0.1785', '0', '0.15', '0.2', '0.2', '1', '0.6', '0.2', '0.2', '0.2', '3.7215', 'Sangat Baik', '1', '1', '1', '21', '2023-01-25 00:30:20', '2023-02-22 06:11:52'),
(23, 25, '0.2', '0.1285', '0.15', '0.2', '0.175', '0.2', '0.05', '0.2', '0.2', '1', '0.6', '0.2', '0.2', '0.2', '3.7035', 'Sangat Baik', '1', '1', '1', '22', '2023-01-25 00:42:31', '2023-02-22 06:11:52'),
(24, 26, '0.2', '0.2', '0.1', '0.2', '0.15', '0.2', '0.05', '0.2', '0.2', '1', '0.6', '0.2', '0.2', '0.2', '3.7', 'Sangat Baik', '1', '1', '1', '23', '2023-01-25 00:48:40', '2023-02-22 06:11:52'),
(25, 27, '0.2', '0.175', '0.1', '0.2', '0.175', '0.2', '0.05', '0.2', '0.2', '1', '0.6', '0.2', '0.2', '0.2', '3.7', 'Sangat Baik', '1', '1', '1', '24', '2023-01-25 00:58:51', '2023-02-22 06:11:52'),
(26, 28, '0.2', '0.2', '0.125', '0.2', '0.175', '0.2', '0', '0.2', '0.2', '1', '0.6', '0.2', '0.2', '0.2', '3.7', 'Sangat Baik', '1', '1', '1', '25', '2023-01-25 01:02:40', '2023-02-22 06:11:52'),
(27, 29, '0.2', '0.2', '0.2', '0.2', '0.2', '0.2', '0.2', '0.2', '0.2', '1', '0.3', '0.2', '0.2', '0.2', '3.7', 'Sangat Baik', '1', '1', '1', '26', '2023-01-25 01:07:21', '2023-02-22 06:11:52'),
(28, 31, '0.2', '0.09375', '0.175', '0.2', '0.1645', '0.2', '0.05', '0.2', '0.2', '1', '0.6', '0.2', '0.2', '0.2', '3.68325', 'Sangat Baik', '1', '1', '1', '27', '2023-01-25 01:10:36', '2023-02-22 06:11:52'),
(29, 32, '0.2', '0.2', '0.1', '0.2', '0.1625', '0.2', '0', '0.2', '0.2', '1', '0.6', '0.2', '0.2', '0.2', '3.6625', 'Sangat Baik', '1', '1', '1', '28', '2023-01-25 01:13:48', '2023-02-22 06:11:52'),
(31, 34, '0.2', '0', '0', '0.2', '0', '0', '0', '0.2', '0.2', '0', '0', '0.2', '0.2', '0.2', '1.4', 'kurang', '1', '1', '1', '31', '2023-01-30 21:21:55', '2023-02-22 06:11:52'),
(32, 33, '0.00', '0', '0', '0', '0', '0', '0.00', '0.00', '0.00', '0.00', '0.00', '0.00', '0.00', '0.00', '0', 'Sangat Kurang', '1', '1', '1', '33', '2023-02-01 00:40:54', '2023-02-22 06:11:52'),
(33, 108, '0.20', '0.2', '0.2', '0.2', '0.2', '0.2', '0.20', '0.20', '0.20', '1.00', '0.60', '0.20', '0.20', '0.20', '4', 'Sangat Baik', '1', '1', '1', '2', '2023-02-02 19:32:57', '2023-02-22 06:11:52'),
(34, 112, NULL, '0.2', '0', '0.2', '0', '0', NULL, NULL, NULL, NULL, NULL, NULL, NULL, NULL, '0.4', 'Sangat Kurang', NULL, NULL, NULL, NULL, '2023-02-22 06:05:39', '2023-02-22 06:21:52');

-- --------------------------------------------------------

--
-- Table structure for table `matkuls`
--

CREATE TABLE `matkuls` (
  `id` bigint(20) UNSIGNED NOT NULL,
  `nama_matkul` varchar(255) NOT NULL,
  `sks` varchar(255) NOT NULL,
  `created_at` timestamp NULL DEFAULT NULL,
  `updated_at` timestamp NULL DEFAULT NULL
) ENGINE=InnoDB DEFAULT CHARSET=utf8mb4 COLLATE=utf8mb4_unicode_ci;

--
-- Dumping data for table `matkuls`
--

INSERT INTO `matkuls` (`id`, `nama_matkul`, `sks`, `created_at`, `updated_at`) VALUES
(1, 'METOPEL', '3', '2023-01-03 09:23:57', NULL),
(2, 'PEMROGRAMAN WEB', '4', '2023-01-02 17:00:00', NULL),
(3, 'PBO', '4', NULL, NULL),
(4, 'TA 1', '4', NULL, NULL),
(5, 'alpro', '3', '2023-01-17 14:22:26', '2023-01-17 14:22:26');

-- --------------------------------------------------------

--
-- Table structure for table `migrations`
--

CREATE TABLE `migrations` (
  `id` int(10) UNSIGNED NOT NULL,
  `migration` varchar(255) NOT NULL,
  `batch` int(11) NOT NULL
) ENGINE=InnoDB DEFAULT CHARSET=utf8mb4 COLLATE=utf8mb4_unicode_ci;

--
-- Dumping data for table `migrations`
--

INSERT INTO `migrations` (`id`, `migration`, `batch`) VALUES
(1, '2014_10_12_000000_create_users_table', 1),
(2, '2014_10_12_100000_create_password_resets_table', 1),
(3, '2019_08_19_000000_create_failed_jobs_table', 1),
(4, '2019_12_14_000001_create_personal_access_tokens_table', 1),
(5, '2022_11_12_073401_create_products_table', 1),
(6, '2022_11_12_103447_create_roles_table', 1),
(7, '2023_01_03_092129_create_matkuls_table', 2),
(8, '2023_01_03_101758_create_ambils_table', 3),
(9, '2023_01_03_102020_create_kelas_table', 3),
(10, '2023_01_04_002215_create_k1_s_table', 4),
(11, '2023_01_04_134622_create_k2_s_table', 4),
(12, '2023_01_04_134936_create_k3_s_table', 4),
(13, '2023_01_04_135201_create_k4_s_table', 4),
(14, '2023_01_04_135617_create_k5_s_table', 4),
(15, '2023_01_04_135949_create_k6_s_table', 4),
(16, '2023_01_04_140106_create_k7_s_table', 4),
(17, '2023_01_04_140500_create_k8_s_table', 4),
(18, '2023_01_04_140716_create_k9_s_table', 4),
(19, '2023_01_04_140938_create_k10_s_table', 4),
(20, '2023_01_04_141203_create_k11_s_table', 4),
(21, '2023_01_04_141324_create_k12_s_table', 4),
(22, '2023_01_05_075934_create_master_nilais_table', 5),
(23, '2023_01_05_081818_create_k13_s_table', 5),
(24, '2023_01_05_082301_create_k14_s_table', 5),
(25, '2023_01_07_062629_csvimports', 6),
(26, '2023_01_07_062402_create_csvimpotmodels_table', 7);

-- --------------------------------------------------------

--
-- Table structure for table `password_resets`
--

CREATE TABLE `password_resets` (
  `email` varchar(255) NOT NULL,
  `token` varchar(255) NOT NULL,
  `created_at` timestamp NULL DEFAULT NULL
) ENGINE=InnoDB DEFAULT CHARSET=utf8mb4 COLLATE=utf8mb4_unicode_ci;

-- --------------------------------------------------------

--
-- Table structure for table `personal_access_tokens`
--

CREATE TABLE `personal_access_tokens` (
  `id` bigint(20) UNSIGNED NOT NULL,
  `tokenable_type` varchar(255) NOT NULL,
  `tokenable_id` bigint(20) UNSIGNED NOT NULL,
  `name` varchar(255) NOT NULL,
  `token` varchar(64) NOT NULL,
  `abilities` text DEFAULT NULL,
  `last_used_at` timestamp NULL DEFAULT NULL,
  `expires_at` timestamp NULL DEFAULT NULL,
  `created_at` timestamp NULL DEFAULT NULL,
  `updated_at` timestamp NULL DEFAULT NULL
) ENGINE=InnoDB DEFAULT CHARSET=utf8mb4 COLLATE=utf8mb4_unicode_ci;

-- --------------------------------------------------------

--
-- Table structure for table `products`
--

CREATE TABLE `products` (
  `id` bigint(20) UNSIGNED NOT NULL,
  `name` varchar(255) NOT NULL,
  `description` varchar(255) NOT NULL,
  `price` varchar(255) NOT NULL,
  `image` varchar(255) DEFAULT NULL,
  `code` varchar(100) NOT NULL,
  `cost` varchar(100) NOT NULL,
  `qty` varchar(10) NOT NULL,
  `alertqty` varchar(10) DEFAULT NULL,
  `is_variants` tinyint(1) NOT NULL DEFAULT 0,
  `is_recipe` tinyint(1) NOT NULL DEFAULT 0,
  `is_active` tinyint(1) NOT NULL DEFAULT 1,
  `created_at` timestamp NULL DEFAULT NULL,
  `updated_at` timestamp NULL DEFAULT NULL
) ENGINE=InnoDB DEFAULT CHARSET=utf8mb4 COLLATE=utf8mb4_unicode_ci;

-- --------------------------------------------------------

--
-- Table structure for table `roles`
--

CREATE TABLE `roles` (
  `id` bigint(20) UNSIGNED NOT NULL,
  `name` varchar(255) NOT NULL,
  `description` varchar(255) DEFAULT NULL,
  `is_active` tinyint(1) NOT NULL DEFAULT 1,
  `created_at` timestamp NULL DEFAULT NULL,
  `updated_at` timestamp NULL DEFAULT NULL
) ENGINE=InnoDB DEFAULT CHARSET=utf8mb4 COLLATE=utf8mb4_unicode_ci;

-- --------------------------------------------------------

--
-- Table structure for table `users`
--

CREATE TABLE `users` (
  `id` bigint(20) UNSIGNED NOT NULL,
  `name` varchar(255) NOT NULL,
  `staff` varchar(10) DEFAULT NULL,
  `kode` varchar(10) DEFAULT NULL,
  `telp` varchar(15) DEFAULT NULL,
  `email` varchar(255) NOT NULL,
  `email_verified_at` timestamp NULL DEFAULT NULL,
  `password` varchar(255) NOT NULL,
  `role` varchar(20) DEFAULT NULL,
  `remember_token` varchar(100) DEFAULT NULL,
  `created_at` timestamp NULL DEFAULT NULL,
  `updated_at` timestamp NULL DEFAULT NULL
) ENGINE=InnoDB DEFAULT CHARSET=utf8mb4 COLLATE=utf8mb4_unicode_ci;

--
-- Dumping data for table `users`
--

INSERT INTO `users` (`id`, `name`, `staff`, `kode`, `telp`, `email`, `email_verified_at`, `password`, `role`, `remember_token`, `created_at`, `updated_at`) VALUES
(1, 'Admin', NULL, NULL, NULL, 'admin@gmail.com', NULL, '$2y$10$iNP8YpsnKUPtlPMsZzIYR..8930d2IiFzM1xgnJ6gKFkMQrEyhx7K', 'admin', NULL, '2023-01-03 02:15:22', '2023-01-03 02:15:22'),
(2, 'dosen1', NULL, NULL, NULL, 'dosen1@gmail.com', NULL, '$2y$10$4wKhbcCWRXxRcACP5ppK5.ngPZVJXxtZT1ES5tbhUite/EqYYhbbW', 'dosen', NULL, '2023-01-03 02:54:08', '2023-01-03 02:54:08'),
(3, 'dosen2', NULL, NULL, NULL, 'dosen2@gmail.com', NULL, '$2y$10$WlufsB3x1k5tPeMWrlVNv.Hj3AU2K6z7RsWjZNKJy7Snu6UqY02ha', 'dosen', NULL, '2023-01-03 03:08:51', '2023-01-03 03:08:51'),
(4, 'dosen3', NULL, NULL, NULL, 'dosen3@gmail.com', NULL, '$2y$10$LOmM9F8Ufk9D0PRuiDpkEeM2UDDjRpSv0x7bt4l.wZQN2lW9w32Pi', 'dosen', NULL, '2023-01-04 23:55:38', '2023-01-04 23:55:38'),
(5, 'dosen4', '0005', '0004', '082226582306', 'dosen4@gmail.com', NULL, '$2y$10$inXLPirg/zVrhWEp08Oh/uEeIFoGgvzgh6iFnOqBuLossLsn3LykO', 'dosen', NULL, '2023-01-11 06:00:34', '2023-01-11 06:00:34'),
(6, 'dosen5', NULL, NULL, NULL, 'dosen5@gmail.com', NULL, '$2y$10$Ia310lS8kX1PHVkVUMyYJeaWjasJcmCEM4/9fsx.gatNa7nuADLhG', 'dosen', NULL, '2023-01-16 21:15:43', '2023-01-16 21:15:43'),
(7, 'dosen6', NULL, NULL, NULL, 'dosen6@gmail.com', NULL, '$2y$10$9TJjDZVPIeHL7ZD5aiRLc.vywlX2kF8L3UWzOjAi7PlN.a0vFpMhi', 'dosen', NULL, '2023-01-18 12:20:57', '2023-01-18 12:20:57'),
(8, 'dosen7', NULL, NULL, NULL, 'dosen7@gmail.com', NULL, '$2y$10$84FeUnMSv.H3solzfpBDUeENLKUaMu/Zv0LcJoksLwp8KAz1bSuJq', 'dosen', NULL, '2023-01-23 20:43:18', '2023-01-23 20:43:18'),
(9, 'dosen8', NULL, NULL, NULL, 'dosen8@gmail.com', NULL, '$2y$10$jZ.Iw23C.yDwK75SEgvUsO0u5Qhnqxk387bSnJ/m3iTT38j7rjAL6', 'dosen', NULL, '2023-01-23 23:06:25', '2023-01-23 23:06:25'),
(10, 'dosen9', NULL, NULL, NULL, 'dosen9@gmail.com', NULL, '$2y$10$GKL.fHSf81ezr2ZoyeATyeHH.3Yl99AP5HOWz7cXcov3rNoqd2zUa', 'dosen', NULL, '2023-01-23 23:06:52', '2023-01-23 23:06:52'),
(11, 'dosen10', NULL, NULL, NULL, 'dosen10@gmail.com', NULL, '$2y$10$OQBuwRtOcI7/lti1ydH2z.y9BV2XfPXO9kz4Aj8l1mHRm73u81hku', 'dosen', NULL, '2023-01-23 23:07:10', '2023-01-23 23:07:10'),
(12, 'dosen11', NULL, NULL, NULL, 'dosen11@gmail.com', NULL, '$2y$10$ng8ZbjPI/RYwqbOZnY9HTeHNNaSob8wm.rCt1CyczwtlgApizTrK2', 'dosen', NULL, '2023-01-23 23:08:20', '2023-01-23 23:08:20'),
(13, 'dosen12', NULL, NULL, NULL, 'dosen12@gmail.com', NULL, '$2y$10$2c11wP/AKczU9TIbzG87Z.bYnHO45glVOJJ06hPCwYoeL0R4u7L8i', 'dosen', NULL, '2023-01-23 23:08:41', '2023-01-23 23:08:41'),
(14, 'dosen13', NULL, NULL, NULL, 'dosen13@gmail.com', NULL, '$2y$10$fPThUEqKDHs9/w4Ikoh0NO3zjPVv3GkH3BscLsi7nBBD6w1hrks/i', 'dosen', NULL, '2023-01-23 23:09:03', '2023-01-23 23:09:03'),
(15, 'dosen14', NULL, NULL, NULL, 'dosen14@gmail.com', NULL, '$2y$10$0uFcsxeEtu.r2JJWv4yjFOtB9cRATBpTTdExfJbPI3OnPctp8kduq', 'dosen', NULL, '2023-01-23 23:09:24', '2023-01-23 23:09:24'),
(16, 'dosen15', NULL, NULL, NULL, 'dosen15@gmail.com', NULL, '$2y$10$OjRSuVY8bcm4XQeJpdDGOuFUFIDAT2DZVNHAS77f7.7A0U4/EQVKC', 'dosen', NULL, '2023-01-23 23:12:33', '2023-01-23 23:12:33'),
(17, 'dosen16', NULL, NULL, NULL, 'dosen16@gmail.com', NULL, '$2y$10$Q7.wPDL2E5ZqlMqdsJ8dweDxXgO73r5bDPaO0ujEVBerQ5dEbXrn.', 'dosen', NULL, '2023-01-23 23:12:59', '2023-01-23 23:12:59'),
(18, 'dosen17', NULL, NULL, NULL, 'dosen17@gmail.com', NULL, '$2y$10$9LED7sDRqpk8j7G.Bn6c5OkhLSw1SVH0TDnWEjlR992X36wbETPJS', 'dosen', NULL, '2023-01-23 23:13:26', '2023-01-23 23:13:26'),
(19, 'dosen18', NULL, NULL, NULL, 'dosen18@gmail.com', NULL, '$2y$10$6HGFtgH7s5.xzZlZoht/r.W8vQ6nPA8vG0VBXqfZ6C5XFu0AnHnkm', 'dosen', NULL, '2023-01-23 23:13:43', '2023-01-23 23:13:43'),
(20, 'dosen19', NULL, NULL, NULL, 'dosen19@gmail.com', NULL, '$2y$10$LumFhkUU957me/6ojw77quzIwyLEovsxltzojqb6HaynwFhoDGqZy', 'dosen', NULL, '2023-01-23 23:14:33', '2023-01-23 23:14:33'),
(21, 'dosen20', NULL, NULL, NULL, 'dosen20@gmail.com', NULL, '$2y$10$vEmUtzIlvo/34hU7liCoCeIfTKwxaf8K04ooi6TCIoUNIYoBd2UJW', 'dosen', NULL, '2023-01-23 23:15:23', '2023-01-23 23:15:23'),
(22, 'dosen21', NULL, NULL, NULL, 'dosen21@gmail.com', NULL, '$2y$10$xDaroT38UK3ZxPZHUpiyReVMy5VPHaudlq8VENQ3YmwtRiJbtoYoO', 'dosen', NULL, '2023-01-23 23:17:50', '2023-01-23 23:17:50'),
(23, 'dosen22', NULL, NULL, NULL, 'dosen22@gmail.com', NULL, '$2y$10$SN8zfp.DmC8nQPzr5uAq7.9DM0aObPchSKtmTuiHLGVR2jfxV7tYe', 'dosen', NULL, '2023-01-23 23:18:08', '2023-01-23 23:18:08'),
(24, 'dosen23', NULL, NULL, NULL, 'dosen23@gmail.com', NULL, '$2y$10$3yrSMUy7aJQpHpTVddeBUO4pTZW6ZhJNz96xIt2ilLf4mHyUUKWfu', 'dosen', NULL, '2023-01-23 23:18:53', '2023-01-23 23:18:53'),
(25, 'dosen24', NULL, NULL, NULL, 'dosen24@gmail.com', NULL, '$2y$10$jR/sNBs38aJ9qlg69nOr3O.5746CKbKiAga0/Vz069aqjuxTGa6W6', 'dosen', NULL, '2023-01-23 23:19:13', '2023-01-23 23:19:13'),
(26, 'dosen25', NULL, NULL, NULL, 'dosen25@gmail.com', NULL, '$2y$10$Rk30YNF1EEaAbcni6Gn4u.rvGseH1qGGGS80CwQOHsb9cgaKXgoYi', 'dosen', NULL, '2023-01-23 23:19:28', '2023-01-23 23:19:28'),
(27, 'dosen26', NULL, NULL, NULL, 'dosen26@gmail.com', NULL, '$2y$10$YYjJLXh6O/tLF0ASMNvSZONZCBpyHf6s7psVnzWTf779cXo4uku1G', 'dosen', NULL, '2023-01-23 23:19:48', '2023-01-23 23:19:48'),
(28, 'dosen27', NULL, NULL, NULL, 'dosen27@gmail.com', NULL, '$2y$10$NN5b8YP/yYcjIZtkeXw4mefRCPaSwWhMDiw0MIhvT/xFbkP6986Wq', 'dosen', NULL, '2023-01-23 23:20:05', '2023-01-23 23:20:05'),
(29, 'dosen28', NULL, NULL, NULL, 'dosen28@gmail.com', NULL, '$2y$10$RyKWYIIHm1neUGdtxqci2eKuaYmH2ikvN24mAEdCKhcMwUe6uvkaO', 'dosen', NULL, '2023-01-23 23:20:26', '2023-01-23 23:20:26'),
(31, 'dosen29', NULL, NULL, NULL, 'dosen29@gmail.com', NULL, '$2y$10$hJo7RymMZl4TDktlShK2UeSxAu/P6awezkxM94WyWEOcCn4QSYVJ.', 'dosen', NULL, '2023-01-23 23:22:02', '2023-01-23 23:22:02'),
(32, 'dosen30', NULL, NULL, NULL, 'dosen30@gmail.com', NULL, '$2y$10$sfldYzBs1dmrDiiPduCQN.i3XnY0bToOrrC3W8GfGiZgqcQyDpibG', 'dosen', NULL, '2023-01-23 23:22:18', '2023-01-23 23:22:18'),
(33, 'dosen31', NULL, NULL, NULL, 'dosen31@gmail.com', NULL, '$2y$10$k3FuM.9PcXowUxwdpBczFOrgASmO8nC4pv30FXD97GLj/KdEOY1Xq', 'dosen', NULL, '2023-01-23 23:27:32', '2023-01-23 23:27:32'),
(34, 'dosen32', NULL, NULL, NULL, 'dosen32@gmail.com', NULL, '$2y$10$.nNQRS8VmFxqhY2YnqZfwumGwMVQEWEwcZgfikg2D.EAbq5XO6iDq', 'dosen', NULL, '2023-01-23 23:27:48', '2023-01-23 23:27:48'),
(35, 'dosen34', NULL, NULL, NULL, 'dosen34@gmail.com', NULL, '$2y$10$qQmhjSQ15uXVRbNvViMsB.VQ2ruhojdYVPyT.foE7oOfOtInqaEYK', 'dosen', NULL, '2023-01-23 23:28:06', '2023-01-23 23:28:06'),
(36, 'dosen35', NULL, NULL, NULL, 'dosen35@gmail.com', NULL, '$2y$10$osGXSBg8bF6VxRxexiTZb.MJ7.8rp7MBTEioJCsMhXMYkq47xHCbi', 'dosen', NULL, '2023-01-23 23:29:01', '2023-01-23 23:29:01'),
(37, 'dosen36', NULL, NULL, NULL, 'dosen36@gmail.com', NULL, '$2y$10$G84cf0lBy/2S.sLumBUYz.0LgIk3TYMOo2BNJbpAWgpod4m2nvtZ6', 'dosen', NULL, '2023-01-23 23:29:22', '2023-01-23 23:29:22'),
(38, 'dosen37', NULL, NULL, NULL, 'dosen37@gmail.com', NULL, '$2y$10$JtMbKyEyTpiU3BI1kwHZvOiOuX2FT5ynrsp0J/v/vy6nVeTcwCyEO', 'dosen', NULL, '2023-01-23 23:29:40', '2023-01-23 23:29:40'),
(39, 'dosen38', NULL, NULL, NULL, 'dosen38@gmail.com', NULL, '$2y$10$modPGPCOiOf7kpgT2NYYhOe5A1p3Z0wvHLItlWimujI/bQ6XpW1BC', 'dosen', NULL, '2023-01-23 23:29:56', '2023-01-23 23:29:56'),
(40, 'dosen39', NULL, NULL, NULL, 'dosen39@gmail.com', NULL, '$2y$10$YmfcwtID.J8bQUHEQPqAjeznJ5Grt1G/TPzW8kfpcPpHOn4.G/EVm', 'dosen', NULL, '2023-01-23 23:30:20', '2023-01-23 23:30:20'),
(41, 'dosen40', NULL, NULL, NULL, 'dosen40@gmail.com', NULL, '$2y$10$7eR3rYeBIbws3iuV.Ly81u.CoPbf9tcCpOqlV2QARBoFUpoS9Rt/G', 'dosen', NULL, '2023-01-23 23:30:58', '2023-01-23 23:30:58'),
(42, 'dosen41', NULL, NULL, NULL, 'dosen41@gmail.com', NULL, '$2y$10$Qjvuo4hvo/K1Yjt8IdnmhOnzWnPv7xKGp6WzC8ZhdX8hqcqjc2Ht.', 'dosen', NULL, '2023-01-23 23:34:59', '2023-01-23 23:34:59'),
(43, 'dosen42', NULL, NULL, NULL, 'dosen42@gmail.com', NULL, '$2y$10$RVkgS9qrgqUM/tdONSu9l..MDbVUPHAixWnmmVuNkN6H6IRFvsDPW', 'dosen', NULL, '2023-01-23 23:35:15', '2023-01-23 23:35:15'),
(44, 'dosen43', NULL, NULL, NULL, 'dosen43@gmail.com', NULL, '$2y$10$x2L1WnfnibW2iTw2jC6A.eANe3RzIZubqAL4ygnm/w.zg14hI2.8y', 'dosen', NULL, '2023-01-23 23:35:30', '2023-01-23 23:35:30'),
(45, 'dosen44', NULL, NULL, NULL, 'dosen44@gmail.com', NULL, '$2y$10$u.TElWZokPAurch4IuYSMOxgls.Pm/o4LJrjBaYpdsflGT4kLyqDW', 'dosen', NULL, '2023-01-23 23:35:44', '2023-01-23 23:35:44'),
(46, 'dosen45', NULL, NULL, NULL, 'dosen45@gmail.com', NULL, '$2y$10$43SrAept.TVyxE7XdmlDIedY31eX/RZO7bECU8WE.l7bg1KzsBgty', 'dosen', NULL, '2023-01-23 23:36:03', '2023-01-23 23:36:03'),
(47, 'dosen46', NULL, NULL, NULL, 'dosen46@gmail.com', NULL, '$2y$10$UnihFibL6op3w74RpvlGEO6wmw/kozbquZswQX9V69iR3P/ZHVQia', 'dosen', NULL, '2023-01-23 23:36:19', '2023-01-23 23:36:19'),
(48, 'dosen47', NULL, NULL, NULL, 'dosen47@gmail.com', NULL, '$2y$10$sJSU7NzY/I/AnBzfjizR2.B3Zy286YQ5SQ02ByBGAEa7Hlkl7dlFS', 'dosen', NULL, '2023-01-23 23:36:36', '2023-01-23 23:36:36'),
(49, 'dosen48', NULL, NULL, NULL, 'dosen48@gmail.com', NULL, '$2y$10$3YYpRml2KV6dXnOkkhJbyOvPSuJWRBBupsOeXop5L/6UrnhXeqCKC', 'dosen', NULL, '2023-01-23 23:37:16', '2023-01-23 23:37:16'),
(50, 'dosen49', NULL, NULL, NULL, 'dosen49@gmail.com', NULL, '$2y$10$wH264maB5hT7FJoIE0dgQuTMfx5zHsTriagELRyNT1JxYkaAKZu22', 'dosen', NULL, '2023-01-23 23:37:34', '2023-01-23 23:37:34'),
(51, 'dosen50', NULL, NULL, NULL, 'dosen50@gmail.com', NULL, '$2y$10$DPrsk/N306PK1228RnXrU.DneZZ0qTTJ2dNsLyM6Ktx6AHfSjyXKC', 'dosen', NULL, '2023-01-23 23:37:50', '2023-01-23 23:37:50'),
(52, 'dosen51', NULL, NULL, NULL, 'dosen51@gmail.com', NULL, '$2y$10$J57hP0J3XAiG7qtQi17H5ewJPcvsAfhHRriXc8gKbnAu.JSNvIa96', 'dosen', NULL, '2023-01-23 23:41:06', '2023-01-23 23:41:06'),
(53, 'admin2', NULL, NULL, NULL, 'admin2@gmail.com', NULL, '$2y$10$8X8Xh2Agabvu0BubRJDya.D6178Pn28CIY.xqFN5UIOT/Rb/bgzj6', 'admin', NULL, '2023-01-23 23:59:15', '2023-01-23 23:59:15'),
(54, 'admin3@gmail.com', NULL, NULL, NULL, 'admin3@gmail.com', NULL, '$2y$10$Nrx9TAvVWCa1fmPbMl3PuuPQBwBVfPuOi.Z7VhMbHxEiWuIycctvq', 'admin', NULL, '2023-01-24 00:00:04', '2023-01-24 00:00:04'),
(55, 'dosen33', NULL, NULL, NULL, 'dosen33@gmail.com', NULL, '$2y$10$XR8B2Zb0A7FyFImxvuHVDe7XAjDpxr3FSwI4vBPCAkkWaK9A8p8Am', 'dosen', NULL, '2023-01-24 00:06:52', '2023-01-24 00:06:52'),
(57, 'dosen52', NULL, NULL, NULL, 'dosen52@gmail.com', NULL, '$2y$10$.Ki6wjoXbcHVHpGsJfkEjeeeOa6l7B64shZRidc94sSzknN/cOUiu', 'dosen', NULL, '2023-01-24 00:47:56', '2023-01-24 00:47:56'),
(58, 'dosen53', NULL, NULL, NULL, 'dosen53@gmail.com', NULL, '$2y$10$ioUhbKr7m8/5K5Y6YfEvduf/3bpRmIOot942C.NALdtchon53gjay', 'dosen', NULL, '2023-01-24 00:48:11', '2023-01-24 00:48:11'),
(59, 'dosen54', NULL, NULL, NULL, 'dosen54@gmail.com', NULL, '$2y$10$6spWSP4.AB9bFvsA4YftKe7MAM9gOZJR8V7taaYof5DvMpsMCPEuW', 'dosen', NULL, '2023-01-24 00:48:28', '2023-01-24 00:48:28'),
(60, 'dosen55', NULL, NULL, NULL, 'dosen55@gmail.com', NULL, '$2y$10$Cc3vHJyNYO3Tmy0w5K6b4.9FsX7IjdB.yg3/Gk3fxEOYojFWJ2lkm', 'dosen', NULL, '2023-01-24 00:48:40', '2023-01-24 00:48:40'),
(61, 'dosen56', NULL, NULL, NULL, 'dosen56@gmail.com', NULL, '$2y$10$uriU7ASVgxdl3Tjef2prZuNfC.0coF1W.F7oCrfyKp7JHsRb0iGB2', 'dosen', NULL, '2023-01-24 00:49:02', '2023-01-24 00:49:02'),
(62, 'dosen57', NULL, NULL, NULL, 'dosen57@gmail.com', NULL, '$2y$10$nZZdql9b4mSIkg76/PdsCO.rIwX/9wH5V0Rl56bjmXx59WPDUPkVi', 'dosen', NULL, '2023-01-24 00:49:18', '2023-01-24 00:49:18'),
(63, 'dosen58', NULL, NULL, NULL, 'dosen58@gmail.com', NULL, '$2y$10$ubBKae/XWPXmsQD8iZ3tKu8kapoiv5oMTQPxNMAZPlGjSA05UDV5e', 'dosen', NULL, '2023-01-24 00:49:35', '2023-01-24 00:49:35'),
(64, 'dosen59', NULL, NULL, NULL, 'dosen59@gmail.com', NULL, '$2y$10$jrSVw7QBpTVpf6TCIkLe4u.aIP5tiwc0Clg2s1qtAzh8oBEULnth2', 'dosen', NULL, '2023-01-24 00:49:50', '2023-01-24 00:49:50'),
(65, 'dosen60', NULL, NULL, NULL, 'dosen60@gmail.com', NULL, '$2y$10$mUHkGj.2kKm4tByRFdMTcOlq6D192ME5Rixz9uHqjIJ9OEuIC9KWi', 'dosen', NULL, '2023-01-24 00:50:13', '2023-01-24 00:50:13'),
(66, 'dosen61', NULL, NULL, NULL, 'dosen61@gmail.com', NULL, '$2y$10$PqA0Hb85qER5N07hoC9g9u16v07xu.1Ji/XZuyIAOz3WiT2HAqGcy', 'dosen', NULL, '2023-01-24 00:50:40', '2023-01-24 00:50:40'),
(67, 'dosen62', NULL, NULL, NULL, 'dosen62@gmail.com', NULL, '$2y$10$Jp3KhxedHOXgxpn4v1GxCuucAWOFi31A2ZUQEJQAIi.mrF2AoqS.6', 'dosen', NULL, '2023-01-24 00:50:55', '2023-01-24 00:50:55'),
(68, 'dosen63', NULL, NULL, NULL, 'dosen63@gmail.com', NULL, '$2y$10$m3Lz9f1F5fhz3VvgPE67quYrQIBBpBgzqh1hmePf0IvloqCfWuc3q', 'dosen', NULL, '2023-01-24 00:51:14', '2023-01-24 00:51:14'),
(69, 'dosen64', NULL, NULL, NULL, 'dosen64@gmail.com', NULL, '$2y$10$7l8haJOQPdp7A6pkpgEbXOE2s6y/NQXE0PtohvbfSUmP7NhAZDv2W', 'dosen', NULL, '2023-01-24 00:51:27', '2023-01-24 00:51:27'),
(70, 'dosen65', NULL, NULL, NULL, 'dosen65@gmail.com', NULL, '$2y$10$QP6OI9W08OGpRhe5sDVQ9uWaW4fHSv2rw5/2.o1QZoHftcqtMizBG', 'dosen', NULL, '2023-01-24 00:51:41', '2023-01-24 00:51:41'),
(71, 'dosen66', NULL, NULL, NULL, 'dosen66@gmail.com', NULL, '$2y$10$yVnkkxDu3N28qbMco3YtK.hakYWrW4RUaTxVW1QYM0sYqNHaGuGRK', 'dosen', NULL, '2023-01-24 00:51:52', '2023-01-24 00:51:52'),
(72, 'dosen67', NULL, NULL, NULL, 'dosen67@gmail.com', NULL, '$2y$10$Y1XPhlR1Bjp1Ijh.31tpFOcc5HQU6qWfta.MBvQkgfcHHzv2B4eJq', 'dosen', NULL, '2023-01-24 00:52:13', '2023-01-24 00:52:13'),
(73, 'dosen68', NULL, NULL, NULL, 'dosen68@gmail.com', NULL, '$2y$10$r8rPL/SGMYGR4deDeFaSNuN.5O9sK4gMaPVHkl4UUJWzFRfEiTkAG', 'dosen', NULL, '2023-01-24 00:52:38', '2023-01-24 00:52:38'),
(74, 'dosen69', NULL, NULL, NULL, 'dosen69@gmail.com', NULL, '$2y$10$VfcG1N7iIFrBt8Pvr2.TQ.fX9Ym/G3OC62xaCwgEpXZGAqjMMGzPO', 'dosen', NULL, '2023-01-24 00:53:01', '2023-01-24 00:53:01'),
(75, 'dosen70', NULL, NULL, NULL, 'dosen70@gmail.com', NULL, '$2y$10$c87TyqesIn0UasToZ7lLiee7Nr1.McOJgr4b9Pi5ROTH33lrOT81W', 'dosen', NULL, '2023-01-24 00:53:20', '2023-01-24 00:53:20'),
(76, 'dosen71', NULL, NULL, NULL, 'dosen71@gmail.com', NULL, '$2y$10$PyFwk4mXHuhjt0y5CMt/KuczXZU9quNIktw79sfvBwmWN2xmuYd4m', 'dosen', NULL, '2023-01-24 00:53:32', '2023-01-24 00:53:32'),
(77, 'dosen72', NULL, NULL, NULL, 'dosen72@gmail.com', NULL, '$2y$10$KX.bQNWMkFdu5WhVc5AgTuflyyF0Qy1Hkq9JLfilnfAy7RzQUZwQq', 'dosen', NULL, '2023-01-24 00:53:43', '2023-01-24 00:53:43'),
(78, 'dosen73', NULL, NULL, NULL, 'dosen73@gmail.com', NULL, '$2y$10$/n3EIeOyOqhzPj.khfAaXui0vMr2wDFrhDfrIriQ5Xv1dY0bpo3UC', 'dosen', NULL, '2023-01-24 00:53:58', '2023-01-24 00:53:58'),
(79, 'dosen74', NULL, NULL, NULL, 'dosen74@gmail.com', NULL, '$2y$10$0LE47QMP6/ryixTJrL9vAeYRHjcspLz.hzGz3pDhPetjeB3VQwxlm', 'dosen', NULL, '2023-01-24 00:54:11', '2023-01-24 00:54:11'),
(80, 'dosen75', NULL, NULL, NULL, 'dosen75@gmail.com', NULL, '$2y$10$Ujjo5dyprvIbV.z0Gv7wMuxAwfkxOHwVvGKGn6y.zBY5rIfm6JLF6', 'dosen', NULL, '2023-01-24 00:54:25', '2023-01-24 00:54:25'),
(81, 'dosen76', NULL, NULL, NULL, 'dosen76@gmail.com', NULL, '$2y$10$hbglrg5xrcRct04OIAUZxO/OmbeB2XnSfL5r8Y4B0eVGHop1WGG6u', 'dosen', NULL, '2023-01-24 00:54:47', '2023-01-24 00:54:47'),
(82, 'dosen77', NULL, NULL, NULL, 'dosen77@gmail.com', NULL, '$2y$10$SjfUFP790.I.StRnIxFFn.KHJjwdaUJakhBqgTF7TCRquBAV5xj3S', 'dosen', NULL, '2023-01-24 00:55:05', '2023-01-24 00:55:05'),
(83, 'dosen78', NULL, NULL, NULL, 'dosen78@gmail.com', NULL, '$2y$10$VtR3XU2Ov2KFsLd9CMibwemeZXugAIL44X6RcoAPaTL.MqKiALJWK', 'dosen', NULL, '2023-01-24 00:55:20', '2023-01-24 00:55:20'),
(84, 'dosen79', NULL, NULL, NULL, 'dosen79@gmail.com', NULL, '$2y$10$owkSmmOztTOoGjt0Fo8AQ.qSotstqe6n9TMJ9.ZT8Jo1oIxEdTyRa', 'dosen', NULL, '2023-01-24 00:55:34', '2023-01-24 00:55:34'),
(85, 'dosen80', NULL, NULL, NULL, 'dosen80@gmail.com', NULL, '$2y$10$fI/E92tNOO5Q7Q2MAqkameLiFBc5qjr8yif8cSmzbYvi72gCSWhti', 'dosen', NULL, '2023-01-24 00:55:49', '2023-01-24 00:55:49'),
(86, 'dosen81', NULL, NULL, NULL, 'dosen81@gmail.com', NULL, '$2y$10$nLgxsEuTcsrbmAHTojIBJetVjAcRC0ab9rcvjIfrjseEyMog1A8im', 'dosen', NULL, '2023-01-24 00:56:06', '2023-01-24 00:56:06'),
(87, 'dosen82', NULL, NULL, NULL, 'dosen82@gmail.com', NULL, '$2y$10$XgEopbEZ9N219LRRYGE80uStmRdy4iGmPF0Yavw675j0mxsTxhDAi', 'dosen', NULL, '2023-01-24 00:56:21', '2023-01-24 00:56:21'),
(89, 'dosen83', NULL, NULL, NULL, 'dosen83@gmail.com', NULL, '$2y$10$njRr0Rv0RTAUrysrEQPYiuLFYrLgzgh7a6VUUfGHYE68ISf7ld0Ny', 'dosen', NULL, '2023-01-24 00:56:45', '2023-01-24 00:56:45'),
(90, 'dosen84', NULL, NULL, NULL, 'dosen84@gmail.com', NULL, '$2y$10$aoofOiGaoM.0IGgUlTjpDuyw6kOXgdVBDcntAFHmcBat/9FyxjtxK', 'dosen', NULL, '2023-01-24 00:56:58', '2023-01-24 00:56:58'),
(91, 'dosen85', NULL, NULL, NULL, 'dosen85@gmail.com', NULL, '$2y$10$AvAC6x5a8PR.uNF/uI3m0eWr1L3FjPEp3YCPtrEyu8sEu7aCNIkVK', 'dosen', NULL, '2023-01-24 00:57:15', '2023-01-24 00:57:15'),
(92, 'dosen86', NULL, NULL, NULL, 'dosen86@gmail.com', NULL, '$2y$10$jlX/A/ZfOu0WYGa698.3AuliEHwVelB7mANuJ.YAxpRDbwjg.OseG', 'dosen', NULL, '2023-01-24 00:57:32', '2023-01-24 00:57:32'),
(93, 'dosen87', NULL, NULL, NULL, 'dosen87@gmail.com', NULL, '$2y$10$HLrOvH2hcVpJf7kCcAZrjuCJfIQXQHrpZERhu4TnCgR0Xp3YiItke', 'dosen', NULL, '2023-01-24 00:58:01', '2023-01-24 00:58:01'),
(94, 'dosen88', NULL, NULL, NULL, 'dosen88@gmail.com', NULL, '$2y$10$dG2j6GPU12gUK7ZL/n3jCuM4nWhr88XxVEBJ.zNhNEEuCFJZOxUGK', 'dosen', NULL, '2023-01-24 00:58:13', '2023-01-24 00:58:13'),
(95, 'dosen89', NULL, NULL, NULL, 'dosen89@gmail.com', NULL, '$2y$10$tpILyrRFKsZCoslEROUcCOmskN3eg7p20QQJaSu56rr.vQEnRCkmK', 'dosen', NULL, '2023-01-24 00:58:28', '2023-01-24 00:58:28'),
(96, 'dosen90', NULL, NULL, NULL, 'dosen90@gmail.com', NULL, '$2y$10$b3T4A0O7e9FfMBi75ikB.OQrweZrRwY1zH1FnVW.4KDGIdpjclYw.', 'dosen', NULL, '2023-01-24 00:58:44', '2023-01-24 00:58:44'),
(97, 'dosen91', NULL, NULL, NULL, 'dosen91@gmail.com', NULL, '$2y$10$lDMUpSk7A4nF3zU1BUy/IOqMwvO9ZIg87qQNb1LbNbXnLZEKfkjUa', 'dosen', NULL, '2023-01-24 00:58:59', '2023-01-24 00:58:59'),
(98, 'dosen92', NULL, NULL, NULL, 'dosen92@gmail.com', NULL, '$2y$10$rMybJFvZcthLtCbbQFUe3eK9KpVXjqyfHw.ko9W7fm39Gvi.jWbuG', 'dosen', NULL, '2023-01-24 00:59:12', '2023-01-24 00:59:12'),
(99, 'dosen93', NULL, NULL, NULL, 'dosen93@gmail.com', NULL, '$2y$10$fmtViEr/IoyOMMAk4cCKIOJLMdwfxCeiJBCHRMmTP4WvyBZhhmE8y', 'dosen', NULL, '2023-01-24 00:59:28', '2023-01-24 00:59:28'),
(100, 'dosen94', NULL, NULL, NULL, 'dosen94@gmail.com', NULL, '$2y$10$GVGV/ProokcjGlHSP4WK.uI9oyYIW81wKES29cKtKZ5M/uPmff8xe', 'dosen', NULL, '2023-01-24 00:59:46', '2023-01-24 00:59:46'),
(101, 'dosen95', NULL, NULL, NULL, 'dosen95@gmail.com', NULL, '$2y$10$gHxJ038RIaL89Z21Kb/T6OCLi3wHfzSWY8UoProIkGdKpFRWt.Cgq', 'dosen', NULL, '2023-01-24 01:00:28', '2023-01-24 01:00:28'),
(102, 'dosen96', NULL, NULL, NULL, 'dosen96@gmail.com', NULL, '$2y$10$bMSh.eHSO.98XER2TMo1Hut4.1aj4c5zKDY0aPT5SQtS5FjQjS3dS', 'dosen', NULL, '2023-01-24 01:00:41', '2023-01-24 01:00:41'),
(103, 'dosen97', NULL, NULL, NULL, 'dosen97@gmail.com', NULL, '$2y$10$LcFpnfewhwQz7LoONK7kzOONydIKLz6PTB6apYOY5/a7SqPFiafKW', 'dosen', NULL, '2023-01-24 01:00:54', '2023-01-24 01:00:54'),
(105, 'dosen98', NULL, NULL, NULL, 'dosen98@gmail.com', NULL, '$2y$10$On8sCYdykURT3qVH95.f1.SIJx5Zauu4R2lxQPAfpRtLx8/vgcwgu', 'dosen', NULL, '2023-01-24 01:01:42', '2023-01-24 01:01:42'),
(106, 'dosen99', NULL, NULL, NULL, 'dosen99@gmail.com', NULL, '$2y$10$1r4U829NH4S3xitRFEthPuGU3h/hY2Zz/3EjX8LcQVSyr066f3/r2', 'dosen', NULL, '2023-01-24 01:01:56', '2023-01-24 01:01:56'),
(107, 'dosen100', NULL, NULL, NULL, 'dosen100@gmail.com', NULL, '$2y$10$Ba8zTike6U81oMggjbNcje5DeUCMNzzaDdHaE4X4meSNV.6AUjo5S', 'dosen', NULL, '2023-01-24 01:02:12', '2023-01-24 01:02:12'),
(108, 'dosen101', NULL, NULL, NULL, 'dosen101@gmail.com', NULL, '$2y$10$PmQCKBxCf7lsJv34/RppquF0f7MavMu4PlMkPeyAnfXyHoQjwYYiK', 'dosen', NULL, '2023-02-02 19:28:01', '2023-02-02 19:28:01'),
(109, 'dosen102', NULL, NULL, NULL, 'dosen102@gmail.com', NULL, '$2y$10$v2sI/qWVC06G6RW2rA9nMeCwejGYlli5yZUSJpigi7zH8nOcH8TP6', 'dosen', NULL, '2023-02-05 06:01:06', '2023-02-05 06:01:06'),
(110, 'coba', NULL, NULL, NULL, 'coba@gmail.com', NULL, '$2y$10$zZSYuD0YB8edX4FMPc.9SebMILGTArkbItmKq4x7YUMvJGpKL67cW', 'dosen', NULL, '2023-02-22 06:04:51', '2023-02-22 06:04:51'),
(112, 'coba', NULL, NULL, NULL, 'coba12@gmail.com', NULL, '$2y$10$KHDKBLkHdGNIREP3yIvENeVM/wfm6r8xERBPWnFsbnzrgn9j0KNne', 'dosen', NULL, '2023-02-22 06:05:09', '2023-02-22 06:05:09');

--
-- Indexes for dumped tables
--

--
-- Indexes for table `ambils`
--
ALTER TABLE `ambils`
  ADD PRIMARY KEY (`id`);

--
-- Indexes for table `csvimports`
--
ALTER TABLE `csvimports`
  ADD PRIMARY KEY (`id`);

--
-- Indexes for table `csvimpotmodels`
--
ALTER TABLE `csvimpotmodels`
  ADD PRIMARY KEY (`id`);

--
-- Indexes for table `failed_jobs`
--
ALTER TABLE `failed_jobs`
  ADD PRIMARY KEY (`id`),
  ADD UNIQUE KEY `failed_jobs_uuid_unique` (`uuid`);

--
-- Indexes for table `k1_s`
--
ALTER TABLE `k1_s`
  ADD PRIMARY KEY (`id`);

--
-- Indexes for table `k2_s`
--
ALTER TABLE `k2_s`
  ADD PRIMARY KEY (`id`);

--
-- Indexes for table `k3_s`
--
ALTER TABLE `k3_s`
  ADD PRIMARY KEY (`id`);

--
-- Indexes for table `k4_s`
--
ALTER TABLE `k4_s`
  ADD PRIMARY KEY (`id`);

--
-- Indexes for table `k5_s`
--
ALTER TABLE `k5_s`
  ADD PRIMARY KEY (`id`);

--
-- Indexes for table `k6_s`
--
ALTER TABLE `k6_s`
  ADD PRIMARY KEY (`id`);

--
-- Indexes for table `k7_s`
--
ALTER TABLE `k7_s`
  ADD PRIMARY KEY (`id`);

--
-- Indexes for table `k8_s`
--
ALTER TABLE `k8_s`
  ADD PRIMARY KEY (`id`);

--
-- Indexes for table `k9_s`
--
ALTER TABLE `k9_s`
  ADD PRIMARY KEY (`id`);

--
-- Indexes for table `k10_s`
--
ALTER TABLE `k10_s`
  ADD PRIMARY KEY (`id`);

--
-- Indexes for table `k11_s`
--
ALTER TABLE `k11_s`
  ADD PRIMARY KEY (`id`);

--
-- Indexes for table `k12_s`
--
ALTER TABLE `k12_s`
  ADD PRIMARY KEY (`id`);

--
-- Indexes for table `k13_s`
--
ALTER TABLE `k13_s`
  ADD PRIMARY KEY (`id`);

--
-- Indexes for table `k14_s`
--
ALTER TABLE `k14_s`
  ADD PRIMARY KEY (`id`);

--
-- Indexes for table `kelas`
--
ALTER TABLE `kelas`
  ADD PRIMARY KEY (`id`);

--
-- Indexes for table `master_nilais`
--
ALTER TABLE `master_nilais`
  ADD PRIMARY KEY (`id`);

--
-- Indexes for table `matkuls`
--
ALTER TABLE `matkuls`
  ADD PRIMARY KEY (`id`);

--
-- Indexes for table `migrations`
--
ALTER TABLE `migrations`
  ADD PRIMARY KEY (`id`);

--
-- Indexes for table `password_resets`
--
ALTER TABLE `password_resets`
  ADD KEY `password_resets_email_index` (`email`);

--
-- Indexes for table `personal_access_tokens`
--
ALTER TABLE `personal_access_tokens`
  ADD PRIMARY KEY (`id`),
  ADD UNIQUE KEY `personal_access_tokens_token_unique` (`token`),
  ADD KEY `personal_access_tokens_tokenable_type_tokenable_id_index` (`tokenable_type`,`tokenable_id`);

--
-- Indexes for table `products`
--
ALTER TABLE `products`
  ADD PRIMARY KEY (`id`);

--
-- Indexes for table `roles`
--
ALTER TABLE `roles`
  ADD PRIMARY KEY (`id`);

--
-- Indexes for table `users`
--
ALTER TABLE `users`
  ADD PRIMARY KEY (`id`),
  ADD UNIQUE KEY `users_email_unique` (`email`);

--
-- AUTO_INCREMENT for dumped tables
--

--
-- AUTO_INCREMENT for table `ambils`
--
ALTER TABLE `ambils`
  MODIFY `id` bigint(20) UNSIGNED NOT NULL AUTO_INCREMENT, AUTO_INCREMENT=109;

--
-- AUTO_INCREMENT for table `csvimports`
--
ALTER TABLE `csvimports`
  MODIFY `id` bigint(20) UNSIGNED NOT NULL AUTO_INCREMENT, AUTO_INCREMENT=13;

--
-- AUTO_INCREMENT for table `csvimpotmodels`
--
ALTER TABLE `csvimpotmodels`
  MODIFY `id` bigint(20) UNSIGNED NOT NULL AUTO_INCREMENT;

--
-- AUTO_INCREMENT for table `failed_jobs`
--
ALTER TABLE `failed_jobs`
  MODIFY `id` bigint(20) UNSIGNED NOT NULL AUTO_INCREMENT;

--
-- AUTO_INCREMENT for table `k1_s`
--
ALTER TABLE `k1_s`
  MODIFY `id` bigint(20) UNSIGNED NOT NULL AUTO_INCREMENT, AUTO_INCREMENT=34;

--
-- AUTO_INCREMENT for table `k2_s`
--
ALTER TABLE `k2_s`
  MODIFY `id` bigint(20) UNSIGNED NOT NULL AUTO_INCREMENT, AUTO_INCREMENT=39;

--
-- AUTO_INCREMENT for table `k3_s`
--
ALTER TABLE `k3_s`
  MODIFY `id` bigint(20) UNSIGNED NOT NULL AUTO_INCREMENT, AUTO_INCREMENT=39;

--
-- AUTO_INCREMENT for table `k4_s`
--
ALTER TABLE `k4_s`
  MODIFY `id` bigint(20) UNSIGNED NOT NULL AUTO_INCREMENT, AUTO_INCREMENT=39;

--
-- AUTO_INCREMENT for table `k5_s`
--
ALTER TABLE `k5_s`
  MODIFY `id` bigint(20) UNSIGNED NOT NULL AUTO_INCREMENT, AUTO_INCREMENT=39;

--
-- AUTO_INCREMENT for table `k6_s`
--
ALTER TABLE `k6_s`
  MODIFY `id` bigint(20) UNSIGNED NOT NULL AUTO_INCREMENT, AUTO_INCREMENT=39;

--
-- AUTO_INCREMENT for table `k7_s`
--
ALTER TABLE `k7_s`
  MODIFY `id` bigint(20) UNSIGNED NOT NULL AUTO_INCREMENT, AUTO_INCREMENT=34;

--
-- AUTO_INCREMENT for table `k8_s`
--
ALTER TABLE `k8_s`
  MODIFY `id` bigint(20) UNSIGNED NOT NULL AUTO_INCREMENT, AUTO_INCREMENT=34;

--
-- AUTO_INCREMENT for table `k9_s`
--
ALTER TABLE `k9_s`
  MODIFY `id` bigint(20) UNSIGNED NOT NULL AUTO_INCREMENT, AUTO_INCREMENT=34;

--
-- AUTO_INCREMENT for table `k10_s`
--
ALTER TABLE `k10_s`
  MODIFY `id` bigint(20) UNSIGNED NOT NULL AUTO_INCREMENT, AUTO_INCREMENT=34;

--
-- AUTO_INCREMENT for table `k11_s`
--
ALTER TABLE `k11_s`
  MODIFY `id` bigint(20) UNSIGNED NOT NULL AUTO_INCREMENT, AUTO_INCREMENT=34;

--
-- AUTO_INCREMENT for table `k12_s`
--
ALTER TABLE `k12_s`
  MODIFY `id` bigint(20) UNSIGNED NOT NULL AUTO_INCREMENT, AUTO_INCREMENT=34;

--
-- AUTO_INCREMENT for table `k13_s`
--
ALTER TABLE `k13_s`
  MODIFY `id` bigint(20) UNSIGNED NOT NULL AUTO_INCREMENT, AUTO_INCREMENT=34;

--
-- AUTO_INCREMENT for table `k14_s`
--
ALTER TABLE `k14_s`
  MODIFY `id` bigint(20) UNSIGNED NOT NULL AUTO_INCREMENT, AUTO_INCREMENT=34;

--
-- AUTO_INCREMENT for table `kelas`
--
ALTER TABLE `kelas`
  MODIFY `id` bigint(20) UNSIGNED NOT NULL AUTO_INCREMENT, AUTO_INCREMENT=6;

--
-- AUTO_INCREMENT for table `master_nilais`
--
ALTER TABLE `master_nilais`
  MODIFY `id` bigint(20) UNSIGNED NOT NULL AUTO_INCREMENT, AUTO_INCREMENT=35;

--
-- AUTO_INCREMENT for table `matkuls`
--
ALTER TABLE `matkuls`
  MODIFY `id` bigint(20) UNSIGNED NOT NULL AUTO_INCREMENT, AUTO_INCREMENT=6;

--
-- AUTO_INCREMENT for table `migrations`
--
ALTER TABLE `migrations`
  MODIFY `id` int(10) UNSIGNED NOT NULL AUTO_INCREMENT, AUTO_INCREMENT=27;

--
-- AUTO_INCREMENT for table `personal_access_tokens`
--
ALTER TABLE `personal_access_tokens`
  MODIFY `id` bigint(20) UNSIGNED NOT NULL AUTO_INCREMENT;

--
-- AUTO_INCREMENT for table `products`
--
ALTER TABLE `products`
  MODIFY `id` bigint(20) UNSIGNED NOT NULL AUTO_INCREMENT;

--
-- AUTO_INCREMENT for table `roles`
--
ALTER TABLE `roles`
  MODIFY `id` bigint(20) UNSIGNED NOT NULL AUTO_INCREMENT;

--
-- AUTO_INCREMENT for table `users`
--
ALTER TABLE `users`
  MODIFY `id` bigint(20) UNSIGNED NOT NULL AUTO_INCREMENT, AUTO_INCREMENT=113;
COMMIT;

/*!40101 SET CHARACTER_SET_CLIENT=@OLD_CHARACTER_SET_CLIENT */;
/*!40101 SET CHARACTER_SET_RESULTS=@OLD_CHARACTER_SET_RESULTS */;
/*!40101 SET COLLATION_CONNECTION=@OLD_COLLATION_CONNECTION */;
